213,1,‚Ή‚ρ‚‚­‚¶,ςx
213,2,‚µ‚Θ‚‚ν,KQ•i
213,3,‚«‚½‚µ‚Θ‚‚ν,–k•i
213,4,‚µ‚ρ‚Ξ‚ρ‚Ξ,V”n
213,6,‚ ‚¨‚ΰ‚Μ‚ζ‚±‚Ώ‚ε‚¤,Β‰΅
213,7,‚³‚ί‚Έ,LF
213,8,‚½‚Ώ‚ ‚Ά‚‚ν,—§‰ο
213,9,‚¨‚¨‚ΰ‚θ‚©‚Ά‚‚ρ,Cέ
213,10,‚Φ‚Ά‚ν‚¶‚ά,•½“‡
213,11,‚¨‚¨‚ΰ‚θ‚ά‚Ώ,KQ’¬
213,12,‚¤‚ί‚β‚µ‚«,‰®•~
213,13,‚―‚Ά‚«‚γ‚¤‚©‚ά‚½,KQ—
213,14,‚Ό‚¤‚µ‚«,GF
213,15,‚λ‚­‚²‚¤‚Η‚Δ,Z‹½
213,16,‚―‚Ά‚«‚γ‚¤‚©‚ν‚³‚«,KQμ
213,17,‚Ν‚Α‚Ώ‚ε‚¤‚Θ‚ν‚Δ,KQ“λ
213,18,‚Β‚ι‚έ‚Ά‚Ώ‚Ξ,sκ
213,19,‚―‚Ά‚«‚γ‚¤‚Β‚ι‚έ,KQ’ί
213,20,‚©‚°‚Β‚¦‚ρ‚ά‚¦,‰Τ
213,21,‚Θ‚ά‚ή‚¬,¶”
213,22,‚―‚Ά‚«‚γ‚¤‚µ‚ρ‚±‚β‚·,KQV
213,23,‚±‚β‚·,qΐ
213,24,‚©‚Θ‚‚ν‚µ‚ρ‚ά‚Ώ,_’¬
213,25,‚Θ‚©‚«‚Η,’‡–Ψ
213,26,‚©‚Θ‚‚ν,_“ή
213,27,‚ζ‚±‚Ν‚ά,KQ‰΅
213,28,‚Ζ‚Χ,Λ•”
213,29,‚Π‚Μ‚Ε‚Ώ‚ε‚¤,“ϊo
213,30,‚±‚‚Λ‚Ώ‚ε‚¤,‰©‹ΰ
213,31,‚έ‚Θ‚έ‚¨‚¨‚½,“μ‘Ύ
213,32,‚Ά‚Η‚‚β,δ“y
213,33,‚®‚έ‚ε‚¤‚¶,KQO
213,34,‚©‚έ‚¨‚¨‚¨‚©,KQγ
213,36,‚Ρ‚ε‚¤‚Τ‚‚¤‚η,› •—
213,37,‚·‚¬‚½,™“c
213,39,‚―‚Ά‚«‚γ‚¤‚Ζ‚έ‚¨‚©,•x‰
213,40,‚Μ‚¤‚―‚ρ‚Ύ‚Ά,”\©
213,41,‚©‚Θ‚΄‚ν‚Τ‚ρ‚±,•¶Ι
213,42,‚©‚Θ‚΄‚ν‚Ν‚Α‚―‚Ά,”i
213,43,‚¨‚Α‚Ο‚ά,’Η•l
213,44,‚―‚Ά‚«‚γ‚¤‚½‚¤‚η,KQ“c
213,46,‚ ‚ρ‚¶‚ρ‚Γ‚©,ΐj
213,47,‚Φ‚έ,ν©
213,48,‚µ‚¨‚Ά‚θ,¬“ό
213,49,‚ζ‚±‚·‚©‚Ώ‚γ‚¤‚¨‚¤,‰΅’†
213,50,‚―‚ρ‚θ‚Β‚Ύ‚Ά‚‚­,§‘ε
213,51,‚Ω‚θ‚Μ‚¤‚Ώ,KQ–x
213,52,‚―‚Ά‚«‚γ‚¤‚¨‚¨‚Β,‘ε’Γ
213,53,‚ά‚Ϊ‚θ‚©‚Ά‚‚ρ,”n–x
213,54,‚¤‚η‚,‰Y‰κ
214,1,‚―‚Ά‚«‚γ‚¤‚©‚ά‚½,KQ—
214,2,‚±‚¤‚¶‚β,βο’J
214,3,‚¨‚¨‚Ζ‚θ‚Ά,’Ή‹
214,4,‚ ‚Θ‚ΰ‚θ‚Ά‚Θ‚θ,η
214,5,‚Δ‚ρ‚­‚¤‚Ξ‚µ,KQ“V
214,6,‚Ν‚Λ‚Ύ‚­‚¤‚±‚¤‚±‚­‚³‚Ά‚Ή‚ρ‚½[‚έ‚Θ‚ι,
214,6,‚Ν‚Λ‚Ύ‚­‚¤‚±‚¤,KQ‰H
214,7,‚Ν‚Λ‚Ύ‚­‚¤‚±‚¤,KQ‰H
214,7,‚Ν‚Λ‚Ύ‚­‚¤‚±‚¤,KQ‰H
214,7,‚Ν‚Λ‚Ύ‚­‚¤‚±‚¤‚±‚­‚Θ‚Ά‚Ή‚ρ‚½[‚έ‚Θ‚ι,KQ‰H
215,1,‚―‚Ά‚«‚γ‚¤‚©‚ν‚³‚«,KQμ
215,2,‚έ‚Θ‚Ζ‚Ώ‚ε‚¤,`’¬
215,3,‚·‚Έ‚«‚Ώ‚ε‚¤,—ι–Ψ
215,4,‚©‚ν‚³‚«‚Ύ‚Ά‚µ,μ‘ε
215,5,‚Π‚‚µ‚ΰ‚ρ‚Ί‚ρ,“–ε
215,6,‚³‚ρ‚¬‚ε‚¤‚Η‚¤‚λ,Y‹Ζ
215,7,‚±‚¶‚ά‚µ‚ρ‚Ε‚ρ,¬“‡
216,1,‚©‚Θ‚΄‚ν‚Ν‚Α‚―‚Ά,”i
216,2,‚ή‚Β‚¤‚η,Z‰Y
216,4,‚¶‚ρ‚ή‚¶,_•
216,6,‚µ‚ρ‚Έ‚µ,V€
217,1,‚Ω‚θ‚Μ‚¤‚Ώ,KQ–x
217,2,‚µ‚ρ‚¨‚¨‚Β,KQ’Γ
217,3,‚«‚½‚­‚θ‚Ν‚ά,–k‹v
217,5,‚―‚Ά‚«‚γ‚¤‚­‚θ‚Ν‚ά,KQ‹v
217,6,‚ν‚Ά‚ [‚ι‚[‚Μ‚Ρ,–μ”δ
217,7,‚―‚Ά‚«‚γ‚¤‚Θ‚‚³‚ν,’·‘ς
217,8,‚Β‚­‚Ά‚Ν‚ά,’Γ‹v
217,9,‚έ‚¤‚η‚©‚Ά‚‚ρ,O‰Y
217,10,‚έ‚³‚«‚®‚Ώ,Oθ
1,1,‚Ζ‚¤‚«‚ε‚¤
1,2,‚δ‚¤‚η‚­‚Ώ‚ε‚¤
1,3,‚µ‚ρ‚Ξ‚µ
1,4,‚Ν‚ά‚ά‚Β‚Ώ‚ε‚¤
1,6,‚½‚ά‚Ώ
1,7,‚µ‚Θ‚‚ν
1,8,‚¨‚¨‚Ά‚ά‚Ώ
1,9,‚¨‚¨‚ΰ‚θ
1,11,‚©‚ά‚½
1,13,‚©‚ν‚³‚«
1,14,‚Β‚ι‚έ
1,16,‚µ‚ρ‚±‚β‚·
1,17,‚Π‚‚µ‚©‚Θ‚‚ν
1,18,‚ζ‚±‚Ν‚ά
1,20,‚Ω‚Η‚‚β
1,21,‚Π‚‚µ‚Ζ‚Β‚©
1,22,‚Ζ‚Β‚©
1,24,‚¨‚¨‚Σ‚Θ
1,25,‚Σ‚¶‚³‚ν
1,26,‚Β‚¶‚Η‚¤
1,27,‚Ώ‚‚³‚«
1,29,‚Π‚η‚Β‚©
1,30,‚¨‚¨‚Ά‚»
1,32,‚Ι‚Μ‚έ‚β
1,33,‚±‚¤‚Γ
1,34,‚©‚ΰ‚Μ‚έ‚β
1,35,‚¨‚Ύ‚ν‚η
1,37,‚Ν‚β‚©‚ν
1,38,‚Λ‚Τ‚©‚ν
1,40,‚ά‚Θ‚Γ‚ι
1,41,‚δ‚‚ν‚η
1,43,‚ ‚½‚έ
1,51,‚©‚ρ‚Θ‚έ
1,53,‚έ‚µ‚ά
1,55,‚Κ‚ά‚Γ
2,2,‚©‚ρ‚Ύ
2,3,‚ ‚«‚Ν‚Ξ‚η
2,4,‚¨‚©‚Ώ‚ά‚Ώ
2,6,‚¤‚¦‚Μ
2,7,‚¤‚®‚Ά‚·‚Ύ‚Ι
2,8,‚Ι‚Α‚Ϋ‚θ
2,9,‚Ι‚µ‚Ι‚Α‚Ϋ‚θ
2,11,‚½‚Ξ‚½
2,12,‚©‚έ‚Θ‚©‚΄‚Ζ
2,13,‚¨‚¤‚¶
2,14,‚Π‚‚µ‚¶‚γ‚¤‚¶‚ε‚¤
2,16,‚ ‚©‚Ξ‚Λ
2,17,‚©‚ν‚®‚Ώ
2,18,‚Ι‚µ‚©‚ν‚®‚Ώ
2,19,‚ν‚η‚Ρ
2,21,‚έ‚Θ‚έ‚¤‚η‚ν
2,22,‚¤‚η‚ν
2,23,‚«‚½‚¤‚η‚ν
2,24,‚ζ‚Μ
2,25,‚³‚Ά‚½‚ά‚µ‚ρ‚Ζ‚µ‚ρ
2,26,‚¨‚¨‚έ‚β
2,27,‚Ζ‚λ
2,28,‚Π‚‚µ‚¨‚¨‚έ‚β
2,30,‚Ν‚·‚Ύ
2,32,‚µ‚η‚¨‚©
2,33,‚µ‚ρ‚µ‚η‚¨‚©
2,34,‚­‚«
2,35,‚Π‚‚µ‚ν‚µ‚Μ‚έ‚β
2,36,‚­‚θ‚Ν‚µ
2,38,‚±‚
2,39,‚Μ‚¬
2,40,‚ά‚ά‚Ύ
2,42,‚¨‚β‚ά
2,44,‚±‚‚Λ‚Ά
2,45,‚¶‚Ώ‚Ά‚Ύ‚Ά
3,3,‚¨‚Ώ‚α‚Μ‚έ‚Έ
3,4,‚·‚Ά‚Η‚¤‚Ξ‚µ
3,6,‚Ά‚Ά‚Ύ‚Ξ‚µ
3,7,‚Ά‚Ώ‚‚β
3,8,‚ζ‚Β‚β
3,9,‚µ‚Θ‚Μ‚ά‚Ώ
3,11,‚Ή‚ρ‚Ύ‚‚β
3,12,‚ζ‚ζ‚¬
3,13,‚µ‚ρ‚¶‚γ‚­
3,14,‚¨‚¨‚­‚Ϊ
3,16,‚Π‚‚µ‚Θ‚©‚Μ
3,17,‚Θ‚©‚Μ
3,18,‚±‚¤‚¦‚ρ‚¶
3,19,‚ ‚³‚‚β
3,21,‚¨‚¬‚­‚Ϊ
3,22,‚Ι‚µ‚¨‚¬‚­‚Ϊ
3,23,‚«‚Ώ‚¶‚ε‚¤‚¶
3,24,‚έ‚½‚©
3,26,‚ή‚³‚µ‚³‚©‚Ά
3,27,‚Π‚‚µ‚±‚‚Λ‚Ά
3,28,‚ή‚³‚µ‚±‚‚Λ‚Ά
3,29,‚±‚­‚Τ‚ρ‚¶
3,31,‚Ι‚µ‚±‚­‚Τ‚ρ‚¶
3,32,‚­‚Ι‚½‚Ώ
3,34,‚½‚Ώ‚©‚ν
3,36,‚Π‚Μ
3,37,‚Ζ‚ζ‚Ύ
3,39,‚Ν‚Ώ‚¨‚¤‚¶
3,40,‚Ι‚µ‚Ν‚Ώ‚¨‚¤‚¶
3,41,‚½‚©‚¨
3,42,‚³‚‚έ‚±
3,44,‚Σ‚¶‚Μ
3,45,‚¤‚¦‚Μ‚Ν‚η
3,46,‚µ‚¨‚Β
3,47,‚β‚Θ‚‚ν
3,49,‚Ζ‚θ‚³‚ν
3,50,‚³‚ι‚Ν‚µ
3,51,‚¨‚¨‚Β‚«
3,53,‚Ν‚Β‚©‚θ
3,55,‚³‚³‚²
4,3,‚έ‚β‚Ν‚η
4,5,‚ ‚°‚¨
4,6,‚«‚½‚ ‚°‚¨
4,7,‚¨‚―‚‚ν
4,9,‚«‚½‚ΰ‚Ζ
4,11,‚±‚¤‚Μ‚·
4,12,‚«‚½‚±‚¤‚Μ‚·
4,13,‚Σ‚«‚ ‚°
4,14,‚¬‚ε‚¤‚Ύ
4,15,‚­‚ά‚‚β
4,17,‚©‚²‚Ν‚η
4,18,‚Σ‚©‚β
4,19,‚¨‚©‚Χ
4,21,‚Ω‚ρ‚¶‚ε‚¤
4,22,‚¶‚ρ‚Ϊ‚Ν‚η
5,3,‚έ‚©‚ν‚µ‚ά
5,4,‚έ‚Θ‚έ‚Ή‚ρ‚¶‚γ
5,6,‚«‚½‚Ή‚ρ‚¶‚γ
5,7,‚ ‚β‚Ή
5,8,‚©‚ί‚ ‚θ
5,9,‚©‚Θ‚ά‚Ώ
5,11,‚ά‚Β‚Η
5,12,‚«‚½‚ά‚Β‚Η
5,13,‚ά‚Ξ‚µ
5,14,‚µ‚ρ‚ά‚Β‚Η
5,16,‚«‚½‚±‚‚Λ
5,17,‚έ‚Θ‚έ‚©‚µ‚ν
5,18,‚©‚µ‚ν
5,19,‚«‚½‚©‚µ‚ν
5,21,‚ ‚Ρ‚±
5,22,‚Δ‚ρ‚Μ‚¤‚Ύ‚Ά
5,24,‚Ζ‚θ‚Ε
5,26,‚Σ‚¶‚µ‚λ
5,27,‚³‚Κ‚«
5,29,‚¤‚µ‚­
5,30,‚Π‚½‚Ώ‚Μ‚¤‚µ‚­
5,31,‚ ‚η‚©‚ν‚¨‚«
5,33,‚Β‚Ώ‚¤‚η
5,35,‚©‚ρ‚Ύ‚Β
5,37,‚½‚©‚Ν‚ά
5,38,‚Ά‚µ‚¨‚©
5,40,‚Ν‚Ζ‚θ
22,3,‚ ‚³‚­‚³‚Ξ‚µ
22,4,‚θ‚ε‚¤‚²‚­
22,6,‚«‚ρ‚µ‚Ώ‚ε‚¤
22,7,‚©‚ί‚Ά‚Η
22,8,‚Π‚η‚Ά
22,9,‚µ‚ρ‚±‚Ά‚ν
22,11,‚±‚Ά‚ν
22,12,‚Ά‚Ώ‚©‚ν
22,13,‚ΰ‚Ζ‚β‚ν‚½
22,14,‚µ‚ΰ‚¤‚³‚Θ‚©‚β‚ά
22,16,‚Ι‚µ‚Σ‚Θ‚Ξ‚µ
22,17,‚Σ‚Θ‚Ξ‚µ
22,18,‚Π‚‚µ‚Σ‚Θ‚Ξ‚µ
22,19,‚Β‚Ύ‚Κ‚ά
22,20,‚ά‚­‚Ν‚θ‚Ω‚ρ‚²‚¤
22,21,‚ά‚­‚Ν‚θ
22,22,‚µ‚ρ‚―‚έ‚‚ν
22,23,‚Ά‚Θ‚°
22,24,‚Ι‚µ‚Ώ‚Ξ
22,26,‚Ώ‚Ξ
22,27,‚Π‚‚µ‚Ώ‚Ξ
22,29,‚Β‚
22,31,‚ζ‚Β‚©‚Ά‚Η‚¤
22,33,‚ΰ‚Μ‚Ά
22,34,‚³‚­‚η
22,35,‚έ‚Θ‚έ‚µ‚·‚Ά
22,36,‚¦‚Μ‚«‚Η
22,38,‚β‚Ώ‚ά‚½
22,40,‚Π‚γ‚¤‚
22,42,‚Θ‚ι‚Ζ‚¤
22,44,‚ά‚Β‚¨
22,45,‚ζ‚±‚µ‚Ξ
22,46,‚Ά‚Ά‚®‚η
42,21,‚µ‚ρ‚Ι‚Ω‚ρ‚Ξ‚µ
42,22,‚Ξ‚­‚λ‚Ώ‚ε‚¤
24,2,‚µ‚Α‚Δ
24,3,‚β‚±‚¤
24,4,‚©‚µ‚ά‚Ύ
24,6,‚Π‚η‚ά
24,7,‚ή‚©‚Ά‚‚ν‚η
24,8,‚ή‚³‚µ‚±‚·‚¬
24,9,‚ή‚³‚µ‚Θ‚©‚Ν‚η
24,11,‚ή‚³‚µ‚µ‚ρ‚¶‚ε‚¤
24,12,‚ή‚³‚µ‚έ‚Ό‚Μ‚­‚Ώ
24,13,‚Β‚Ύ‚β‚ά
24,14,‚­‚¶
24,16,‚µ‚γ‚­‚‚ν‚η
24,17,‚Μ‚Ϊ‚θ‚Ζ
24,18,‚Θ‚©‚Μ‚µ‚ά
24,19,‚Ά‚Θ‚Ύ‚Γ‚Β‚έ
24,21,‚β‚Μ‚­‚Ώ
24,22,‚Ά‚Θ‚¬‚Θ‚‚Κ‚ά
24,23,‚έ‚Θ‚έ‚½‚ά
24,24,‚Σ‚Ώ‚γ‚¤‚Ω‚ρ‚ά‚Ώ
24,26,‚Τ‚Ξ‚Ά‚‚ν‚η
24,28,‚β‚Ω
24,29,‚β‚‚ν
24,30,‚Ι‚µ‚­‚Ι‚½‚Ώ
26,3,‚Ν‚Α‚Ώ‚ε‚¤‚Θ‚ν‚Δ
26,4,‚©‚ν‚³‚«‚µ‚ρ‚ά‚Ώ
25,9,‚Ν‚ά‚©‚ν‚³‚«
24,32,‚Ι‚µ‚½‚Ώ‚©‚ν
24,33,‚Π‚‚µ‚Θ‚©‚‚έ
24,34,‚Θ‚©‚‚έ
24,36,‚ ‚«‚µ‚ά
24,37,‚Ν‚Ά‚¶‚ά
24,38,‚¤‚µ‚Ν‚ά
24,39,‚Σ‚Α‚³
24,41,‚Ν‚ή‚η
24,42,‚¨‚΄‚­
24,43,‚©‚Χ
24,44,‚Π‚‚µ‚¨‚¤‚ί
24,46,‚¨‚¤‚ί
24,47,‚έ‚β‚Μ‚Π‚η
24,48,‚Π‚Θ‚½‚ν‚Ύ
24,49,‚Ά‚µ‚‚έ‚ά‚¦
24,51,‚Σ‚½‚ά‚½‚¨
24,52,‚Ά‚­‚³‚Ξ‚½
24,53,‚³‚ν‚Ά
24,54,‚έ‚½‚―
24,56,‚©‚ν‚Ά
24,57,‚±‚θ
24,58,‚Ν‚Ζ‚Μ‚·
24,59,‚µ‚λ‚ά‚ι
24,61,‚¨‚­‚½‚ά
25,2,‚±‚­‚Η‚¤
25,3,‚Β‚ι‚έ‚¨‚Μ
25,4,‚Χ‚ρ‚Δ‚ρ‚Ξ‚µ
25,6,‚ ‚³‚Μ
25,7,‚ ‚ρ‚Ί‚ρ
25,8,‚ή‚³‚µ‚µ‚η‚Ά‚µ
25,11,‚µ‚ε‚¤‚ν
25,12,‚¨‚¤‚¬‚ά‚Ώ
27,2,‚µ‚ρ‚µ‚Ξ‚¤‚η
27,3,‚¤‚έ‚µ‚Ξ‚¤‚η
28,2,‚¨‚¨‚©‚ν
29,4,‚Ω‚ρ‚²‚¤‚Ύ‚Ά
29,6,‚±‚¤‚Θ‚ρ‚Ύ‚Ά
29,7,‚ζ‚¤‚±‚¤‚Ύ‚Ά
29,8,‚µ‚ρ‚·‚¬‚½
29,9,‚Ά‚»‚²
29,10,‚Λ‚¬‚µ
29,12,‚β‚ά‚Δ
29,13,‚Ά‚µ‚©‚ν‚Ώ‚ε‚¤
29,14,‚©‚ρ‚Θ‚Ά
29,15,‚³‚­‚η‚¬‚Ώ‚ε‚¤
29,19,‚¨‚¨‚®‚Ώ
29,20,‚«‚­‚Θ
29,22,‚µ‚ρ‚ζ‚±‚Ν‚ά
29,23,‚±‚Γ‚­‚¦
29,25,‚©‚ΰ‚Ά
29,26,‚Θ‚©‚β‚ά
29,27,‚Ζ‚¨‚©‚Ά‚Ώ‚Ξ
29,28,‚Θ‚‚Β‚½
29,29,‚Θ‚ι‚Ή
29,30,‚ά‚Ώ‚Ύ
29,31,‚±‚Τ‚Ώ
29,32,‚Σ‚Ώ‚Μ‚Χ
29,33,‚β‚Χ
29,34,‚³‚‚έ‚Ν‚η
29,35,‚Ν‚µ‚ΰ‚Ζ
29,37,‚ ‚Ά‚Ν‚η
29,38,‚Ν‚Ώ‚¨‚¤‚¶‚έ‚Θ‚έ‚Μ
29,39,‚©‚½‚­‚η
30,2,‚«‚½‚©‚ά‚­‚η
30,3,‚©‚ά‚­‚η
30,4,‚Έ‚µ
30,6,‚Π‚‚µ‚Έ‚µ
30,7,‚½‚¤‚η
30,8,‚ζ‚±‚·‚©
30,9,‚«‚Κ‚‚³
30,11,‚­‚θ‚Ν‚ά
42,14,‚Ι‚µ‚¨‚¨‚Ά
42,12,‚µ‚ρ‚©‚ν‚³‚«
42,13,‚ή‚³‚µ‚±‚·‚¬
42,13,‚µ‚ρ‚©‚ν‚³‚«
31,2,‚«‚½‚Ώ‚‚³‚«
31,3,‚©‚‚ν
31,4,‚³‚ή‚©‚ν
31,6,‚έ‚β‚β‚ά
31,7,‚­‚η‚έ
31,8,‚©‚Η‚³‚ν‚Ξ‚µ
31,9,‚µ‚α‚―
31,11,‚ ‚Β‚¬
31,12,‚¦‚Ρ‚Θ
31,13,‚Ά‚θ‚β
31,14,‚»‚¤‚Τ‚Ύ‚Ά‚µ‚½
31,15,‚µ‚ΰ‚έ‚Ό
31,16,‚Ν‚η‚½‚Ά‚ά
31,18,‚Ξ‚ρ‚Ύ
31,19,‚©‚έ‚έ‚Ό
31,20,‚έ‚Θ‚έ‚Ν‚µ‚ΰ‚Ζ
31,130,
31,131,
31,132,
31,134,
31,135,
31,136,
31,137,
31,138,
31,139,
31,140,
31,141,
31,142,
31,144,
31,145,‚ ‚Ά‚Γ‚ν‚©‚ά‚Β
31,146,
31,147,
31,149,
31,150,
31,151,
31,152,
31,174,‚²‚Ή‚ρ
31,175,‚«‚½‚²‚Ή‚ρ
31,176,‚µ‚ρ‚Ή‚«
31,177,‚Π‚‚µ‚Ι‚Ά‚Β
33,2,‚«‚Μ‚έ‚β
33,3,‚Ά‚Έ‚½‚
33,4,‚ ‚¶‚λ
33,6,‚¤‚³‚έ
33,7,‚Ά‚Ζ‚¤
36,2,‚­‚ά‚‚ν
36,3,‚Π‚‚µ‚ ‚«‚ι
36,4,‚ ‚«‚‚ν
36,6,‚ή‚³‚µ‚Π‚«‚Ύ
36,7,‚ή‚³‚µ‚ά‚·‚±
36,8,‚ή‚³‚µ‚Ά‚Β‚©‚Ά‚Ώ
36,130,
36,131,
36,133,
36,134,
36,135,
36,136,
37,2,‚¨‚¨‚³‚«
37,3,‚²‚½‚ρ‚Ύ
37,4,‚ί‚®‚λ
37,6,‚¦‚Ρ‚·
37,7,‚µ‚Τ‚β
37,8,‚Ν‚η‚¶‚γ‚­
37,12,‚µ‚ρ‚¨‚¨‚­‚Ϊ
37,13,‚½‚©‚Ύ‚Μ‚Ξ‚Ξ
37,14,‚ί‚¶‚λ
37,15,‚Ά‚―‚Τ‚­‚λ
37,17,‚¨‚¨‚Β‚©
37,18,‚·‚‚ΰ
37,19,‚±‚ά‚²‚ί
38,7,‚Ά‚½‚Ξ‚µ
38,6,‚¶‚γ‚¤‚¶‚ε‚¤
53,2,
53,4,
53,5,
53,6,
53,29,‚«‚½‚ ‚©‚Ξ‚Λ
53,27,‚¤‚«‚ά‚Σ‚Θ‚Η
53,25,‚Ζ‚Ύ‚±‚¤‚¦‚ρ
53,23,‚Ζ‚Ύ
53,21,‚«‚½‚Ζ‚Ύ
41,25,‚ή‚³‚µ‚¤‚η‚ν
53,17,‚Θ‚©‚¤‚η‚ν
53,15,‚έ‚Θ‚έ‚ζ‚Μ
53,13,‚ζ‚Μ‚Ω‚ρ‚ά‚Ώ
53,11,‚«‚½‚ζ‚Μ
38,3,‚¨‚­
39,3,‚Ι‚Α‚µ‚ρ
39,5,‚³‚µ‚¨‚¤‚¬
39,7,‚έ‚Θ‚έ‚Σ‚ι‚β
39,9,‚©‚ν‚²‚¦
39,10,‚Ι‚µ‚©‚ν‚²‚¦
39,11,‚ά‚Ζ‚Ξ
39,12,‚©‚³‚Ν‚½
39,13,‚ή‚³‚µ‚½‚©‚Ν‚¬
40,3,‚Π‚‚µ‚ ‚Ρ‚±
40,4,‚±‚Ω‚­
40,5,‚ ‚η‚«
40,7,‚Σ‚³
40,8,‚«‚¨‚λ‚µ
40,10,‚±‚Ξ‚β‚µ
40,12,‚ ‚¶‚«
40,14,‚µ‚ΰ‚¤‚³‚ά‚ρ‚΄‚«
40,16,‚Θ‚θ‚½
40,18,‚µ‚·‚Ά
57,3,‚­‚Έ‚έ
57,5,‚Θ‚ί‚‚ν
57,7,‚µ‚ΰ‚¤‚³‚±‚¤‚΄‚«
57,8,‚¨‚¨‚Ζ
58,20,‚­‚¤‚±‚¤‚Ύ‚Ά‚Ι‚Ρ‚ι
58,22,‚Θ‚θ‚½‚­‚¤‚±‚¤
41,12,‚«‚½‚Σ‚Ώ‚γ‚¤
41,15,‚µ‚ρ‚±‚Ύ‚Ά‚η
41,17,‚µ‚ρ‚ ‚«‚Β
41,18,‚Π‚‚µ‚Ζ‚±‚λ‚΄‚ν
41,20,‚Ι‚Ά‚΄
41,22,‚«‚½‚ ‚³‚©
41,24,‚Ι‚µ‚¤‚η‚ν
41,28,‚Π‚‚µ‚¤‚η‚ν
41,30,‚Π‚‚µ‚©‚ν‚®‚Ώ
41,31,‚έ‚Θ‚έ‚±‚µ‚‚β
41,32,‚±‚µ‚‚β‚κ‚Ά‚­‚½‚¤‚ρ
41,33,‚ζ‚µ‚©‚ν
41,34,‚ζ‚µ‚©‚ν‚έ‚Θ‚έ
41,35,‚µ‚ρ‚έ‚³‚Ζ
41,36,‚έ‚³‚Ζ
41,37,‚έ‚Θ‚έ‚Θ‚‚κ‚β‚ά
41,39,‚µ‚ρ‚β‚Ν‚µ‚η
41,40,‚Π‚‚µ‚ά‚Β‚Η
41,41,‚Ά‚Ώ‚©‚ν‚¨‚¨‚Μ
41,42,‚Σ‚Θ‚Ξ‚µ‚Ω‚¤‚Δ‚ρ
63,2,‚Ν‚Α‚Ώ‚ε‚¤‚Ϊ‚θ
63,3,‚¦‚Α‚Ώ‚γ‚¤‚¶‚ά
63,4,‚µ‚¨‚έ
63,5,‚µ‚ρ‚«‚Ξ
63,7,‚©‚³‚Ά‚θ‚ρ‚©‚Ά‚±‚¤‚¦‚ρ
63,8,‚ά‚Ά‚Ν‚ά
63,10,‚µ‚ρ‚¤‚η‚β‚·
63,13,‚Σ‚½‚ά‚½‚µ‚ρ‚ά‚Ώ
63,16,‚µ‚ρ‚Θ‚η‚µ‚Μ
63,18,‚©‚Ά‚Π‚ρ‚ά‚­‚Ν‚θ
63,19,‚―‚έ‚‚ν‚Ν‚ά
63,20,‚Ά‚Θ‚°‚©‚Ά‚‚ρ
63,22,‚Ώ‚Ξ‚έ‚Θ‚Ζ
63,11,‚Ά‚Ώ‚©‚ν‚µ‚¨‚Ν‚ά
63,15,‚έ‚Θ‚έ‚Σ‚Θ‚Ξ‚µ
54,2,‚Ω‚ρ‚Ώ‚Ξ
54,3,‚»‚
54,5,‚©‚ά‚Ζ‚θ
54,7,‚Ω‚ρ‚Ύ
54,9,‚Ζ‚―
54,10,‚¨‚¨‚ ‚έ
54,11,‚Θ‚‚½
54,12,‚Ω‚ρ‚Μ‚¤
54,14,‚µ‚ρ‚ΰ‚Ξ‚η
54,15,‚ΰ‚Ξ‚η
54,16,‚β‚Β‚έ
54,17,‚©‚Έ‚³‚Ά‚Ώ‚Μ‚έ‚β
54,19,‚Ζ‚η‚έ
54,20,‚½‚Ά‚Ζ‚¤
54,21,‚Ώ‚ε‚¤‚¶‚α‚ά‚Ώ
55,5,‚Ν‚ά‚Μ
55,6,‚β‚ν‚½‚¶‚γ‚­
55,7,‚²‚Ά
55,9,‚ ‚Λ‚‚³‚«
55,11,‚Θ‚‚¤‚η
55,12,‚»‚Ε‚‚¤‚η
55,13,‚Ά‚ν‚Λ
55,14,‚«‚³‚η‚Γ
55,16,‚«‚έ‚Β
55,17,‚ ‚¨‚Ω‚θ
55,18,‚¨‚¨‚Κ‚«
61,2,‚µ‚ΰ‚»‚
61,3,‚©‚έ‚¨‚¨‚Ά
61,4,‚³‚‚έ‚©‚Λ‚±
61,6,‚ά‚Β‚Ύ
61,7,‚Π‚‚µ‚β‚ά‚«‚½
61,8,‚β‚ά‚«‚½
61,9,‚β‚
61,11,‚·‚ι‚‚¨‚β‚ά
61,12,‚ ‚µ‚‚η
61,13,‚²‚Δ‚ρ‚Ξ
61,14,‚έ‚Θ‚έ‚²‚Δ‚ρ‚Ξ
61,16,‚Σ‚¶‚¨‚©
61,17,‚Ά‚ν‚Θ‚έ
144,1,‚¨‚Ύ‚ν‚η
144,3,‚Ν‚±‚Λ‚Ά‚½‚Ξ‚µ
144,5,‚©‚΄‚ά‚Β‚θ
144,7,‚Ά‚θ‚¤‚Ύ
144,9,‚Ν‚±‚Λ‚δ‚ΰ‚Ζ
144,10,‚Ζ‚¤‚Μ‚³‚ν
144,11,‚¨‚¨‚Π‚η‚Ύ‚Ά
144,13,‚έ‚β‚Μ‚µ‚½
144,15,‚±‚ν‚«‚Ύ‚Ι
144,17,‚Ώ‚ε‚¤‚±‚­‚Μ‚ΰ‚θ
144,19,‚²‚¤‚η
146,1,‚ζ‚±‚Ν‚ά
146,2,‚Π‚η‚Κ‚ά‚Ξ‚µ
146,3,‚Ι‚µ‚ζ‚±‚Ν‚ά
146,4,‚Δ‚ρ‚Μ‚¤‚Ώ‚ε‚¤
146,5,‚Ω‚µ‚©‚ν
146,6,‚ν‚Ύ‚ά‚Ώ
146,7,‚©‚έ‚Ω‚µ‚©‚ν
146,8,‚Ι‚µ‚β
146,9,‚Β‚ι‚‚έ‚Λ
146,10,‚Σ‚½‚ά‚½‚‚ν
146,11,‚«‚Ϊ‚¤‚‚¨‚©
146,12,‚έ‚Β‚«‚ε‚¤
146,13,‚Ή‚β
146,14,‚β‚ά‚Ζ
146,15,‚³‚‚έ‚¨‚¨‚Β‚©
146,16,‚³‚‚έ‚Μ
146,17,‚©‚µ‚ν‚Ύ‚Ά
146,18,‚¦‚Ρ‚Θ
147,1,‚Σ‚½‚ά‚½‚‚ν
147,2,‚έ‚Θ‚έ‚ά‚«‚‚Ν‚η
147,3,‚θ‚ε‚­‚¦‚ρ‚Ζ‚µ
147,4,‚β‚ζ‚Ά‚Ύ‚Ά
147,5,‚Ά‚Έ‚έ‚Μ
147,7,‚Ά‚Έ‚έ‚Ώ‚γ‚¤‚¨‚¤
147,8,‚δ‚ί‚‚¨‚©
147,9,‚µ‚ε‚¤‚Θ‚ρ‚Ύ‚Ά
157,3,‚Π‚«‚Σ‚Λ
157,4,‚Π‚‚µ‚ή‚±‚¤‚¶‚ά
157,5,‚©‚Λ‚‚Σ‚Ώ
157,6,‚Ω‚θ‚«‚θ
157,7,‚¤‚µ‚Ύ
157,8,‚«‚½‚Ή‚ρ‚¶‚γ
157,9,‚±‚·‚°
157,10,‚²‚½‚ρ‚Μ
157,11,‚¤‚ί‚¶‚ά
157,12,‚Ι‚µ‚ ‚η‚Ά
157,14,‚½‚―‚Μ‚Β‚©
157,16,‚β‚Β‚©
157,17,‚»‚¤‚©
157,18,‚ά‚Β‚Ξ‚η‚Ύ‚ρ‚Ώ
157,19,‚µ‚ρ‚Ε‚ρ
158,1,‚Π‚«‚Σ‚Λ
159,1,‚Ι‚µ‚ ‚η‚Ά
168,1,‚Π‚«‚Σ‚Λ
169,1,‚Ά‚―‚Τ‚­‚λ
169,2,‚«‚½‚Ά‚―‚Τ‚­‚λ
169,3,‚µ‚ΰ‚Ά‚½‚Ξ‚µ
169,4,‚¨‚¨‚β‚ά
169,5,‚Θ‚©‚Ά‚½‚Ξ‚µ
169,6,‚Ζ‚«‚ν‚Ύ‚Ά
169,7,‚©‚έ‚Ά‚½‚Ξ‚µ
169,8,‚Ζ‚¤‚Τ‚Λ‚θ‚ά
169,9,‚µ‚ΰ‚ ‚©‚Β‚©
169,10,‚Θ‚θ‚ά‚·
169,12,‚ν‚±‚¤‚µ
169,13,‚ ‚³‚©
169,14,‚ ‚³‚©‚Ύ‚Ά
169,15,‚µ‚«
174,1,‚Ά‚ρ‚Ξ‚Ι‚Ω‚ρ‚Ά‚Ύ‚Ά
174,3,‚Θ‚θ‚½‚δ‚©‚ν
174,7,‚­‚¤‚±‚¤‚Ύ‚Ά‚Ι‚Ρ‚ι
174,9,‚Θ‚θ‚½‚­‚¤‚±‚¤
175,1,‚―‚Ά‚Ή‚Ά‚¤‚¦‚Μ
175,3,‚Ι‚Α‚Ϋ‚θ
175,4,‚µ‚ρ‚έ‚©‚ν‚µ‚ά
175,5,‚ά‚Ώ‚β
175,6,‚Ή‚ρ‚¶‚γ‚¨‚¨‚Ν‚µ
175,7,‚―‚Ά‚Ή‚Ά‚Ή‚«‚β
175,8,‚Ω‚θ‚«‚θ‚µ‚ε‚¤‚Τ‚¦‚ρ
175,9,‚¨‚Ν‚Θ‚ΐ‚α‚β
175,10,‚ ‚¨‚Ζ
175,11,‚―‚Ά‚Ή‚Ά‚½‚©‚³‚²
175,13,‚―‚Ά‚Ή‚Ά‚±‚Ά‚ν
175,14,‚¦‚Η‚‚ν
175,15,‚±‚¤‚Μ‚Ύ‚Ά
175,16,‚Ά‚Ώ‚©‚ν‚ά‚ά
175,17,‚·‚‚Μ
175,18,‚―‚Ά‚Ή‚Ά‚β‚ν‚½
175,19,‚¨‚Ι‚²‚¦
175,20,‚―‚Ά‚Ή‚Ά‚Θ‚©‚β‚ά
175,21,‚Π‚‚µ‚Θ‚©‚β‚ά
175,22,‚―‚Ά‚Ή‚Ά‚Ι‚µ‚Σ‚Θ
175,23,‚©‚Ά‚¶‚ρ
175,25,‚―‚Ά‚Ή‚Ά‚Σ‚Θ‚Ξ‚µ
175,27,‚Ύ‚Ά‚¶‚ρ‚®‚¤‚µ‚½
175,28,‚Σ‚Θ‚Ξ‚µ‚―‚Ά‚Ξ‚¶‚ε‚¤
175,29,‚β‚Β
175,31,‚―‚Ά‚Ή‚Ά‚Β‚Ύ‚Κ‚ά
175,33,‚―‚Ά‚Ή‚Ά‚¨‚¨‚­‚Ϊ
175,35,‚έ‚ΰ‚έ
175,37,‚β‚Ώ‚ζ‚Ύ‚Ά
175,39,‚―‚Ά‚Ή‚Ά‚¨‚¨‚ν‚Ύ
175,41,‚©‚Β‚½‚Ύ‚Ά
175,43,‚µ‚Γ
175,44,‚δ[‚©‚θ‚‚¨‚©
175,46,‚―‚Ά‚Ή‚Ά‚¤‚·‚Ά
175,49,‚―‚Ά‚Ή‚Ά‚³‚­‚η
175,51,‚¨‚¨‚³‚­‚η
175,53,‚―‚Ά‚Ή‚Ά‚µ‚·‚Ά
175,55,‚»‚¤‚²‚³‚ρ‚Η‚¤
175,57,‚±‚¤‚Γ‚Μ‚ΰ‚θ
175,58,‚―‚Ά‚Ή‚Ά‚Θ‚θ‚½
175,61,‚Π‚‚µ‚Θ‚θ‚½
176,1,‚ ‚¨‚Ζ
177,1,‚―‚Ά‚Ή‚Ά‚½‚©‚³‚²
178,1,‚―‚Ά‚Ή‚Ά‚Β‚Ύ‚Κ‚ά
179,4,‚­‚¤‚±‚¤‚Ύ‚Ά‚Ι‚Ρ‚ι
179,5,‚Θ‚θ‚½‚­‚¤‚±‚¤
176,2,‚―‚Ά‚Ή‚Ά‚½‚Δ‚Ά‚µ
176,3,‚ζ‚Β‚¬
176,4,‚β‚Π‚λ
176,5,‚―‚Ά‚Ή‚Ά‚Π‚«‚Σ‚Λ
176,6,‚¨‚µ‚ ‚°
177,2,‚µ‚Ξ‚ά‚½
177,4,‚―‚Ά‚Ή‚Ά‚©‚Θ‚ά‚Ώ
178,3,‚―‚Ά‚Ή‚Ά‚ά‚­‚Ν‚θ‚Ω‚ρ‚²‚¤
178,4,‚―‚Ά‚Ή‚Ά‚ά‚­‚Ν‚θ
178,6,‚―‚έ‚‚ν
178,8,‚―‚Ά‚Ή‚Ά‚Ά‚Θ‚°
178,10,‚έ‚Η‚θ‚Ύ‚Ά
178,11,‚Ι‚µ‚Μ‚Τ‚Ζ
178,12,‚µ‚ρ‚Ώ‚Ξ
178,13,‚―‚Ά‚Ή‚Ά‚Ώ‚Ξ
178,14,‚Ώ‚Ξ‚Ώ‚γ‚¤‚¨‚¤
179,1,‚―‚Ά‚Ή‚Ά‚Θ‚θ‚½
186,1,‚Ά‚―‚Τ‚­‚λ
186,3,‚µ‚Ά‚Θ‚ά‚Ώ
186,4,‚Π‚‚µ‚Θ‚‚³‚«
186,5,‚¦‚±‚Ύ
186,6,‚³‚­‚η‚Ύ‚Ά
186,7,‚Λ‚θ‚ά
186,11,‚Θ‚©‚ή‚η‚Ξ‚µ
186,12,‚Σ‚¶‚έ‚Ύ‚Ά
186,13,‚Λ‚θ‚ά‚½‚©‚Μ‚Ύ‚Ά
186,14,‚µ‚α‚­‚¶‚Ά‚±‚¤‚¦‚ρ
186,15,‚¨‚¨‚Ά‚Έ‚έ‚‚­‚¦‚ρ
186,16,‚Ω‚¤‚β
186,18,‚Π‚Ξ‚θ‚‚¨‚©
189,3,‚½‚©‚Ύ‚Μ‚Ξ‚Ξ
189,4,‚µ‚ΰ‚¨‚Ώ‚ ‚Ά
189,5,‚Θ‚©‚Ά
189,6,‚ ‚η‚Ά‚β‚­‚µ‚ά‚¦
189,7,‚Κ‚ά‚Τ‚­‚λ
189,8,‚Μ‚‚½
189,9,‚Ζ‚θ‚Β‚©‚Ή‚Ά
189,10,‚³‚¬‚Μ‚έ‚β
189,11,‚µ‚ΰ‚Ά‚®‚³
189,12,‚Ά‚¨‚¬
189,13,‚©‚έ‚Ά‚®‚³
189,14,‚©‚έ‚µ‚α‚­‚¶‚Ά
189,15,‚ή‚³‚µ‚Ή‚«
189,16,‚Π‚‚µ‚Σ‚µ‚έ
189,17,‚Ή‚Ά‚Τ‚β‚¬‚³‚ν
189,18,‚½‚Θ‚µ
189,20,‚Ν‚Θ‚±‚‚Λ‚Ά
189,22,‚±‚Ύ‚Ά‚η
189,24,‚­‚ί‚‚ν
189,25,‚Π‚‚µ‚ή‚η‚β‚ά
190,25,‚Π‚‚µ‚ή‚η‚β‚ά
191,22,‚±‚Ύ‚Ά‚η
193,8,‚Ζ‚µ‚ά‚¦‚ρ
193,3,‚µ‚ρ‚³‚­‚η‚Ύ‚Ά
197,1,‚µ‚ρ‚¶‚γ‚­
197,2,‚Ν‚Β‚Ύ‚Ά
197,3,‚Ν‚½‚‚β
197,4,‚³‚³‚Γ‚©
197,5,‚Ύ‚Ά‚½‚Ξ‚µ
197,6,‚ί‚Ά‚Ύ‚Ά‚ά‚¦
197,7,‚µ‚ΰ‚½‚©‚Ά‚Η
197,8,‚³‚­‚η‚¶‚ε‚¤‚·‚Ά
197,9,‚©‚έ‚«‚½‚΄‚ν
197,10,‚Ν‚Ώ‚ά‚ρ‚β‚ά
197,11,‚λ‚©‚±‚¤‚¦‚ρ
197,12,‚Ώ‚Ζ‚Ή‚©‚η‚·‚β‚ά
197,13,‚Ή‚ρ‚‚ν
197,14,‚Β‚Β‚¶‚‚¨‚©
197,15,‚µ‚Ξ‚³‚«
197,16,‚±‚­‚θ‚ε‚¤
197,17,‚Σ‚Ύ
197,18,‚Ώ‚ε‚¤‚Σ
197,19,‚Ι‚µ‚Ώ‚ε‚¤‚Σ
197,20,‚Ζ‚Ρ‚½‚«‚γ‚¤
197,21,‚ή‚³‚µ‚Μ‚Ύ‚Ά
197,22,‚½‚ά‚κ‚Ά‚¦‚ρ
197,23,‚Π‚‚µ‚Σ‚Ώ‚γ‚¤
197,24,‚Σ‚Ώ‚γ‚¤
197,25,‚Τ‚Ξ‚Ά‚‚ν‚η
197,26,‚Θ‚©‚‚ν‚η
197,27,‚Ή‚Ά‚Ή‚«‚³‚­‚η‚‚¨‚©
197,28,‚ΰ‚®‚³‚¦‚ρ
197,29,‚½‚©‚Ν‚½‚Σ‚Η‚¤
197,30,‚έ‚Θ‚έ‚Ύ‚Ά‚η
197,31,‚Π‚η‚β‚ά‚¶‚ε‚¤‚µ‚±‚¤‚¦‚ρ
197,32,‚Θ‚‚Κ‚ά
197,33,‚«‚½‚Μ
197,34,‚―‚Ά‚¨‚¤‚Ν‚Ώ‚¨‚¤‚¶
199,1,‚Ώ‚ε‚¤‚Σ
199,2,‚―‚Ά‚¨‚¤‚½‚ά‚‚ν
200,1,‚«‚½‚Μ
200,2,‚―‚Ά‚¨‚¤‚©‚½‚­‚η
200,3,‚β‚ά‚Ύ
200,4,‚ί‚¶‚λ‚Ύ‚Ά
200,5,‚Ν‚΄‚ά
200,6,‚½‚©‚¨
200,7,‚½‚©‚¨‚³‚ρ‚®‚Ώ
201,1,‚Π‚‚µ‚Σ‚Ώ‚γ‚¤
201,2,‚Σ‚Ώ‚γ‚¤‚―‚Ά‚Ξ‚Ή‚Ά‚ΰ‚ρ‚ά‚¦
202,1,‚½‚©‚Ν‚½‚Σ‚Η‚¤
202,2,‚½‚ά‚Η‚¤‚Τ‚Β‚±‚¤‚¦‚ρ
203,1,‚µ‚Τ‚β
203,2,‚µ‚ρ‚Ή‚ρ
203,3,‚±‚ά‚Ξ‚Ζ‚¤‚Ύ‚Ά‚ά‚¦
203,4,‚Ά‚―‚Μ‚¤‚¦
203,5,‚µ‚ΰ‚«‚½‚΄‚ν
203,6,‚µ‚ρ‚Ύ‚Ά‚½
203,7,‚Π‚‚µ‚ά‚Β‚Ξ‚η
203,8,‚ί‚Ά‚Ύ‚Ά‚ά‚¦
203,9,‚¦‚Ά‚Σ‚­‚Ώ‚ε‚¤
203,10,‚Ι‚µ‚¦‚Ά‚Σ‚­
203,11,‚Ν‚ά‚Ύ‚β‚ά
203,12,‚½‚©‚Ά‚Η
203,13,‚Σ‚¶‚έ‚‚¨‚©
203,14,‚­‚‚β‚ά
203,15,‚έ‚½‚©‚Ύ‚Ά
203,16,‚Ά‚Μ‚©‚µ‚η‚±‚¤‚¦‚ρ
203,17,‚«‚Ώ‚¶‚ε‚¤‚¶
206,38,‚µ‚Τ‚β
206,38,‚µ‚Τ‚β
206,37,‚Ύ‚Ά‚©‚ρ‚β‚ά
206,35,‚Θ‚©‚ί‚®‚λ
206,33,‚δ‚¤‚Δ‚ρ‚¶
206,32,‚‚­‚°‚Ά‚Ύ‚Ά‚‚­
206,31,‚Ζ‚θ‚Β‚Ύ‚Ά‚‚­
208,30,‚¶‚δ‚¤‚‚¨‚©
206,30,‚¶‚δ‚¤‚‚¨‚©
206,26,‚Ε‚ρ‚¦‚ρ‚Ώ‚ε‚¤‚Σ
206,25,‚½‚ά‚‚ν
206,22,‚µ‚ρ‚ά‚ι‚±
206,20,‚ή‚³‚µ‚±‚·‚¬
206,18,‚ΰ‚Ζ‚·‚έ‚ζ‚µ
206,17,‚Π‚ζ‚µ
206,15,‚Β‚Θ‚µ‚ά
206,14,‚¨‚¨‚­‚η‚β‚ά
206,12,‚«‚­‚Θ
206,10,‚έ‚ε‚¤‚κ‚ρ‚¶
206,9,‚Ν‚­‚η‚­
206,8,‚Π‚‚µ‚Ν‚­‚η‚­
206,7,‚½‚ρ‚ά‚Ώ
206,5,‚ζ‚±‚Ν‚ά
206,3,‚½‚©‚µ‚ά‚Ώ‚ε‚¤
206,2,‚³‚­‚η‚¬‚Ώ‚ε‚¤
207,33,‚ί‚®‚λ
207,32,‚Σ‚Η‚¤‚ά‚¦
207,31,‚ή‚³‚µ‚±‚β‚ά
207,30,‚Ι‚µ‚±‚β‚ά
207,29,‚Ή‚ρ‚Ό‚­
208,28,‚¨‚¨‚¨‚©‚β‚ά
207,28,‚¨‚¨‚¨‚©‚β‚ά
207,27,‚¨‚­‚³‚ν
207,26,‚Ε‚ρ‚¦‚ρ‚Ώ‚ε‚¤‚Σ
207,25,‚½‚ά‚‚ν
207,24,‚Κ‚ά‚Χ
207,23,‚¤‚Μ‚«
207,22,‚µ‚ΰ‚ά‚ι‚±
207,21,‚ή‚³‚µ‚Ι‚Α‚½
207,20,‚β‚®‚Ώ‚Μ‚ν‚½‚µ
207,18,‚©‚ά‚½
208,2,‚¨‚¨‚Ά‚ά‚Ώ
208,3,‚µ‚ΰ‚µ‚ρ‚ί‚Ά
208,4,‚Ζ‚²‚µ‚±‚¤‚¦‚ρ
208,5,‚Θ‚©‚Μ‚Τ
208,6,‚¦‚Ξ‚η‚ά‚Ώ
208,7,‚Ν‚½‚Μ‚Ύ‚Ά
209,7,‚Ν‚½‚Μ‚Ύ‚Ά
208,8,‚«‚½‚Ή‚ρ‚Ό‚­
208,29,‚έ‚Η‚θ‚‚¨‚©
208,31,‚­‚Ω‚ρ‚Τ‚Β
208,32,‚¨‚β‚ά‚Ύ‚Ά
208,33,‚Ζ‚Η‚λ‚«
208,34,‚©‚έ‚Μ‚°
208,35,‚Σ‚½‚±‚½‚ά‚‚ν
208,36,‚Σ‚½‚±‚µ‚ρ‚Ώ
208,37,‚½‚©‚Β
208,39,‚έ‚Ό‚Μ‚­‚Ώ
208,41,‚©‚¶‚‚β
208,42,‚έ‚β‚΄‚«‚Ύ‚Ά
208,43,‚έ‚β‚ά‚¦‚Ύ‚Ά‚η
208,44,‚³‚¬‚Κ‚ά
208,45,‚½‚ά‚Υ‚η[‚΄
208,46,‚ ‚΄‚έ‚Μ
208,47,‚¦‚Ύ
208,48,‚Ά‚Ώ‚‚¨
208,49,‚Σ‚¶‚‚¨‚©
208,50,‚ ‚¨‚Ξ‚Ύ‚Ά
208,51,‚½‚Θ
208,53,‚Θ‚‚Β‚½
208,55,‚Β‚­‚µ‚Μ
208,57,‚·‚Έ‚©‚―‚Ύ‚Ά
208,59,‚έ‚Θ‚έ‚ά‚Ώ‚Ύ
208,61,‚Β‚«‚έ‚Μ
208,63,‚Ώ‚γ‚¤‚¨‚¤‚θ‚ρ‚©‚ρ
209,2,‚²‚½‚ρ‚Ύ
209,3,‚¨‚¨‚³‚«‚Π‚λ‚±‚¤‚¶
209,4,‚Ζ‚²‚µ‚¬‚ρ‚΄
209,5,‚¦‚Ξ‚η‚Θ‚©‚Μ‚Τ
209,8,‚Θ‚‚Ν‚η
209,9,‚Ή‚ρ‚Ό‚­‚Ά‚―
209,10,‚Ά‚µ‚©‚ν‚Ύ‚Ά
209,11,‚δ‚«‚‚β‚¨‚¨‚Β‚©
209,12,‚¨‚ρ‚½‚―‚³‚ρ
209,13,‚­‚‚Ν‚η
209,14,‚Ώ‚Η‚θ‚Ώ‚ε‚¤
209,15,‚Ά‚―‚‚έ
209,16,‚Ν‚·‚Κ‚ά
209,18,‚©‚ά‚½
210,2,‚µ‚Τ‚β
210,2,‚µ‚Τ‚β
210,4,‚Ά‚―‚¶‚θ‚¨‚¨‚Ν‚µ
210,6,‚³‚ρ‚°‚ρ‚ΐ‚α‚β
210,8,‚±‚ά‚΄‚ν‚Ύ‚Ά‚‚­
210,10,‚³‚­‚η‚µ‚ρ‚ά‚Ώ
210,12,‚ζ‚¤‚
210,14,‚Σ‚½‚±‚½‚ά‚‚ν
224,1,‚µ‚ρ‚¶‚γ‚­
224,2,‚έ‚Θ‚έ‚µ‚ρ‚¶‚γ‚­
224,3,‚³‚ρ‚®‚¤‚Ξ‚µ
224,4,‚ζ‚ζ‚¬‚Ν‚Ώ‚ά‚ρ
224,5,‚ζ‚ζ‚¬‚¤‚¦‚Ν‚η
224,6,‚Π‚‚µ‚«‚½‚΄‚ν
224,7,‚µ‚ΰ‚«‚½‚΄‚ν
224,8,‚Ή‚½‚‚β‚Ύ‚Ά‚½
224,9,‚¤‚ί‚‚¨‚©
224,10,‚²‚¤‚Ζ‚­‚¶
224,11,‚«‚ε‚¤‚Η‚¤
224,12,‚Ώ‚Ζ‚Ή‚Σ‚Θ‚Ξ‚µ
224,13,‚»‚µ‚‚β‚¨‚¨‚­‚η
224,14,‚Ή‚Ά‚¶‚ε‚¤‚‚­‚¦‚ρ‚ά‚¦
224,15,‚«‚½‚έ
224,17,‚±‚ά‚¦
224,18,‚Ά‚Έ‚έ‚½‚ά‚‚ν
224,19,‚Μ‚Ϊ‚θ‚Ζ
224,20,‚ή‚±‚¤‚‚¨‚©‚δ‚¤‚¦‚ρ
224,21,‚Ά‚­‚½
224,22,‚ζ‚έ‚¤‚θ‚η‚ρ‚Η‚ά‚¦
224,23,‚δ‚θ‚‚¨‚©
224,24,‚µ‚ρ‚δ‚θ‚‚¨‚©
224,25,‚©‚«‚¨
224,26,‚Β‚ι‚©‚ν
224,28,‚½‚ά‚‚ν‚‚­‚¦‚ρ‚ά‚¦
224,30,‚ά‚Ώ‚Ύ
224,31,‚³‚‚έ‚¨‚¨‚Μ
224,33,‚¨‚Ύ‚«‚γ‚¤‚³‚‚έ‚Ν‚η
224,34,‚»‚¤‚Τ‚Ύ‚Ά‚ά‚¦
224,35,‚΄‚ά
224,37,‚¦‚Ρ‚Θ
224,38,‚ ‚Β‚¬
224,39,‚Ω‚ρ‚ ‚Β‚¬
224,41,‚ ‚Ά‚±‚¤‚Ά‚µ‚Ύ
224,43,‚Ά‚Ή‚Ν‚η
224,45,‚Β‚ι‚ά‚«‚¨‚ρ‚Ή‚ρ
224,46,‚Ζ‚¤‚©‚Ά‚Ύ‚Ά‚‚­‚ά‚¦
224,48,‚Ν‚Ύ‚Μ
224,50,‚µ‚Τ‚³‚ν
224,52,‚µ‚ρ‚ά‚Β‚Ύ
224,54,‚©‚Ά‚Ή‚Ά
224,55,‚©‚β‚ά
224,56,‚Ζ‚έ‚Έ
224,57,‚Ω‚½‚ι‚Ύ
224,58,‚ ‚µ‚‚η
224,59,‚¨‚Ύ‚ν‚η
225,1,‚³‚‚έ‚¨‚¨‚Μ
225,2,‚Π‚‚µ‚θ‚ρ‚©‚ρ
225,3,‚Ώ‚γ‚¤‚¨‚¤‚θ‚ρ‚©‚ρ
225,4,‚έ‚Θ‚έ‚θ‚ρ‚©‚ρ
225,5,‚Β‚ι‚ά
225,7,‚β‚ά‚Ζ
225,8,‚³‚­‚η‚‚¨‚©
225,9,‚±‚¤‚΄‚µ‚Τ‚β
225,11,‚Ώ‚ε‚¤‚²
225,12,‚µ‚ε‚¤‚Θ‚ρ‚Ύ‚Ά
225,13,‚ή‚Β‚ ‚Ά‚Ι‚Ώ‚Ύ‚Ά‚ά‚¦
225,14,‚Ί‚ρ‚¬‚ε‚¤
225,15,‚Σ‚¶‚³‚ν‚Ω‚ρ‚ά‚Ώ
225,16,‚Σ‚¶‚³‚ν
225,17,‚Ω‚ρ‚­‚°‚Κ‚ά
225,18,‚­‚°‚Κ‚ά‚©‚Ά‚‚ρ
225,20,‚©‚½‚Ή‚¦‚Μ‚µ‚ά
239,1,‚¨‚µ‚ ‚°
239,2,‚Ω‚ρ‚¶‚ε‚ ‚Γ‚ά‚Ξ‚µ
239,3,‚ ‚³‚­‚³
239,4,‚­‚η‚ά‚¦
239,5,‚ ‚³‚­‚³‚Ξ‚µ
239,6,‚Π‚‚µ‚Ι‚Ω‚ρ‚Ξ‚µ
239,7,‚Ι‚ρ‚¬‚ε‚¤‚Ώ‚ε‚¤
239,8,‚Ι‚Ω‚ρ‚Ξ‚µ
239,9,‚½‚©‚η‚Ώ‚ε‚¤
239,10,‚Π‚‚µ‚¬‚ρ‚΄
239,11,‚µ‚ρ‚Ξ‚µ
239,12,‚Ύ‚Ά‚ΰ‚ρ
239,13,‚έ‚½
239,14,‚Ή‚ρ‚‚­‚¶
239,15,‚½‚©‚Θ‚ν‚Ύ‚Ά
239,16,‚²‚½‚ρ‚Ύ
239,17,‚Ζ‚²‚µ
239,18,‚Θ‚©‚Μ‚Τ
239,19,‚ά‚²‚ί
239,20,‚Ι‚µ‚ά‚²‚ί
240,39,‚Ι‚µ‚½‚©‚µ‚ά‚Ύ‚Ά‚η
240,40,‚µ‚ρ‚½‚©‚µ‚ά‚Ύ‚Ά‚η
240,41,‚½‚©‚µ‚ά‚Ύ‚Ά‚η
240,42,‚Ι‚µ‚Ύ‚Ά
240,43,‚Ν‚·‚Λ
240,44,‚µ‚ή‚η‚³‚ρ‚Ώ‚ε‚¤‚ί
240,45,‚µ‚ή‚η‚³‚©‚¤‚¦
240,46,‚ΰ‚Ζ‚Ν‚·‚Κ‚ά
240,47,‚Ά‚½‚Ξ‚µ‚Ω‚ρ‚Ώ‚ε‚¤
240,48,‚Ά‚½‚Ξ‚µ‚­‚β‚­‚µ‚ε‚ά‚¦
240,49,‚µ‚ρ‚Ά‚½‚Ξ‚µ
240,50,‚Ι‚µ‚·‚‚ΰ
240,51,‚·‚‚ΰ
240,52,‚Ή‚ρ‚²‚­
240,53,‚Ν‚­‚³‚ρ
240,54,‚©‚·‚
240,55,‚·‚Ά‚Η‚¤‚Ξ‚µ
240,56,‚¶‚ρ‚Ϊ‚¤‚Ώ‚ε‚¤
240,57,‚¨‚¨‚Δ‚ά‚Ώ
240,58,‚Π‚Ρ‚β
240,59,‚¤‚Ώ‚³‚Ά‚ν‚Ά‚Ώ‚ε‚¤
240,60,‚¨‚Θ‚θ‚ΰ‚ρ
240,61,‚µ‚Ξ‚±‚¤‚¦‚ρ
240,62,‚έ‚½
240,64,‚µ‚λ‚©‚Λ‚½‚©‚Θ‚ν
240,66,‚µ‚λ‚©‚Λ‚Ύ‚Ά
240,68,‚ί‚®‚λ
241,27,‚ΰ‚Ζ‚β‚ν‚½
241,25,‚µ‚Μ‚΄‚«
241,23,‚έ‚Έ‚¦
241,21,‚Ά‚Ώ‚Μ‚¦
241,19,‚Σ‚Θ‚Ϊ‚θ
241,17,‚Π‚‚µ‚¨‚¨‚¶‚ά
241,15,‚¨‚¨‚¶‚ά
241,14,‚Ι‚µ‚¨‚¨‚¶‚ά
241,13,‚·‚έ‚ζ‚µ
241,12,‚«‚­‚©‚ν
241,11,‚ΰ‚θ‚µ‚½
241,10,‚Ν‚ά‚Ώ‚ε‚¤
241,9,‚Ξ‚­‚λ‚ζ‚±‚β‚ά
241,8,‚Ά‚ν‚ΰ‚Ζ‚Ώ‚ε‚¤
241,7,‚¨‚‚ν‚ά‚Ώ
241,6,‚¶‚ρ‚Ϊ‚¤‚Ώ‚ε‚¤
241,5,‚­‚Ύ‚ρ‚µ‚½
241,4,‚Ά‚Ώ‚‚β
241,3,‚ ‚―‚Ϊ‚Μ‚Ξ‚µ
241,2,‚µ‚ρ‚¶‚γ‚­‚³‚ρ‚Ώ‚ε‚¤‚ί
241,1,‚µ‚ρ‚¶‚γ‚­
242,54,‚Π‚©‚θ‚‚¨‚©
242,52,‚Λ‚θ‚ά‚©‚·‚‚Ώ‚ε‚¤
242,50,‚Ζ‚µ‚ά‚¦‚ρ
242,48,‚Λ‚θ‚ά
242,46,‚µ‚ρ‚¦‚²‚½
242,44,‚¨‚Ώ‚ ‚Ά‚έ‚Θ‚έ‚Θ‚‚³‚«
242,42,‚Θ‚©‚Ά
242,40,‚Π‚‚µ‚Θ‚©‚Μ
242,38,‚Θ‚©‚Μ‚³‚©‚¤‚¦
242,36,‚Ι‚µ‚µ‚ρ‚¶‚γ‚­‚²‚Ώ‚ε‚¤‚ί
242,34,‚Ζ‚Ώ‚ε‚¤‚ά‚¦
242,32,‚µ‚ρ‚¶‚γ‚­
242,30,‚ζ‚ζ‚¬
242,28,‚±‚­‚θ‚Β‚«‚ε‚¤‚¬‚¶‚ε‚¤
242,26,‚ ‚¨‚β‚ά‚Ά‚Α‚Ώ‚ε‚¤‚ί
242,24,‚λ‚Α‚Ϋ‚ρ‚¬
242,22,‚ ‚΄‚Τ‚¶‚γ‚¤‚Ξ‚ρ
242,20,‚ ‚©‚Ξ‚Λ‚Ξ‚µ
242,18,‚Ύ‚Ά‚ΰ‚ρ
242,16,‚µ‚¨‚Η‚ί
242,14,‚Β‚«‚¶‚µ‚¶‚ε‚¤
242,12,‚©‚Ώ‚Η‚«
242,10,‚Β‚«‚µ‚ά
242,8,‚ΰ‚ρ‚Ί‚ρ‚Θ‚©‚Ώ‚ε‚¤
242,6,‚«‚ζ‚·‚έ‚µ‚η‚©‚ν
243,1,‚«‚ζ‚·‚έ‚µ‚η‚©‚ν
243,3,‚ΰ‚θ‚µ‚½
243,5,‚θ‚ε‚¤‚²‚­
243,7,‚­‚η‚ά‚¦
243,9,‚µ‚ρ‚¨‚©‚Ώ‚ά‚Ώ
243,11,‚¤‚¦‚Μ‚¨‚©‚Ώ‚ά‚Ώ
243,13,‚Ω‚ρ‚²‚¤‚³‚ρ‚Ώ‚ε‚¤‚ί
243,15,‚©‚·‚
243,17,‚Ά‚Ά‚Ύ‚Ξ‚µ
243,19,‚¤‚µ‚²‚ί‚©‚®‚η‚΄‚©
243,21,‚¤‚µ‚²‚ί‚β‚Θ‚¬‚Ώ‚ε‚¤
243,23,‚ν‚©‚ά‚Β‚©‚ν‚Ύ
243,25,‚Π‚‚µ‚µ‚ρ‚¶‚γ‚­
243,27,‚µ‚ρ‚¶‚γ‚­‚Ι‚µ‚®‚Ώ
243,29,‚Ζ‚Ώ‚ε‚¤‚ά‚¦
244,6,‚Ι‚Α‚Ϋ‚θ
244,8,‚Ι‚µ‚Ι‚Α‚Ϋ‚θ
244,10,‚ ‚©‚Η‚µ‚ε‚¤‚‚Α‚±‚¤‚ά‚¦
244,12,‚­‚ά‚Μ‚ά‚¦
244,14,‚ ‚Ύ‚Ώ‚¨‚Ύ‚Ά
244,16,‚¨‚¤‚¬‚¨‚¨‚Ν‚µ
244,18,‚±‚¤‚β
244,20,‚±‚¤‚Ω‚­
244,22,‚Ι‚µ‚ ‚η‚Ά‚Ύ‚Ά‚µ‚Ι‚µ
244,24,‚β‚΄‚Ά‚―
244,26,‚Ζ‚Λ‚θ‚±‚¤‚¦‚ρ
244,28,‚Ζ‚Λ‚θ
244,30,‚έ‚Κ‚ά‚Ύ‚Ά‚µ‚ρ‚·‚Ά‚±‚¤‚¦‚ρ
143,1,‚Σ‚¶‚³‚ν
143,7,‚­‚°‚Κ‚ά
143,11,‚¦‚Μ‚µ‚ά
143,15,‚©‚ά‚­‚η‚±‚¤‚±‚¤‚ά‚¦
143,19,‚Ά‚Θ‚ή‚η‚‚³‚«
143,23,‚Ν‚Ή
143,29,‚©‚ά‚­‚η
185,1,‚―‚Ά‚Ή‚Ά‚½‚©‚³‚²
185,2,‚µ‚ρ‚µ‚Ξ‚ά‚½
185,3,‚β‚¬‚θ
185,4,‚«‚½‚±‚­‚Τ‚ρ
185,6,‚ ‚«‚β‚ά
185,7,‚Π‚‚µ‚ά‚Β‚Η
185,12,‚ά‚Β‚Π‚Ύ‚Ά
185,14,‚¨‚¨‚ά‚Ώ
185,16,‚µ‚ρ‚©‚ά‚‚β
185,18,‚Ι‚µ‚µ‚λ‚Ά
185,20,‚µ‚λ‚Ά
185,22,‚±‚ή‚λ
185,25,‚Ώ‚Ξ‚Ι‚γ[‚½‚¤‚ρ‚Ώ‚γ‚¤‚¨‚¤
185,29,‚Ά‚ρ‚΄‚Ά‚ά‚«‚Μ‚Ν‚η
185,33,‚Ά‚ρ‚Ξ‚Ι‚Ω‚ρ‚Ά‚Ύ‚Ά
250,1,‚ΰ‚Μ‚κ[‚ι‚Ν‚ά‚ά‚Β‚Ώ‚ε‚¤
250,3,‚Δ‚ρ‚Μ‚¤‚Έ‚ ‚Ά‚ι
250,4,‚¨‚¨‚Ά‚―‚Ά‚Ξ‚¶‚ε‚¤‚ά‚¦
250,5,‚θ‚γ‚¤‚Β‚¤‚Ή‚ρ‚½[
250,6,‚µ‚ε‚¤‚ν‚¶‚ά
250,7,‚Ή‚Ά‚Ρ‚¶‚ε‚¤
250,9,‚Δ‚ρ‚­‚¤‚Ξ‚µ
250,10,‚Ν‚Λ‚Ύ‚­‚¤‚±‚¤‚±‚­‚³‚Ά‚Ή‚ρ‚Ρ‚ι
250,11,‚µ‚ρ‚Ή‚Ά‚Ρ‚¶‚ε‚¤
250,12,‚Ν‚Λ‚Ύ‚­‚¤‚±‚¤‚Ύ‚Ά‚Ά‚Ώ‚Ρ‚ι
151,4,‚©‚ρ‚Θ‚Ά
151,6,‚Ά‚Ή‚΄‚«‚Ώ‚ε‚¤‚¶‚α‚ά‚Ώ
151,8,‚Ξ‚ρ‚Η‚¤‚Ξ‚µ
151,10,‚ζ‚µ‚Μ‚Ώ‚ε‚¤
151,12,‚ά‚Ά‚½
151,14,‚®‚έ‚ε‚¤‚¶
151,16,‚©‚έ‚¨‚¨‚¨‚©
151,18,‚±‚¤‚Θ‚ρ‚Ώ‚γ‚¤‚¨‚¤
151,20,‚©‚έ‚Θ‚‚β
151,22,‚µ‚ΰ‚Θ‚‚β
151,24,‚ά‚Ά‚¨‚©
151,26,‚Ζ‚Β‚©
151,28,‚¨‚Η‚θ‚Ξ
151,30,‚Θ‚©‚Ύ
151,32,‚½‚Δ‚Ξ
151,34,‚µ‚ΰ‚Ά‚Ά‚Ύ
151,36,‚µ‚ε‚¤‚Θ‚ρ‚Ύ‚Ά
153,20,‚©‚ρ‚Θ‚Ά
153,22,‚³‚­‚η‚¬‚Ώ‚ε‚¤
153,24,‚½‚©‚µ‚ά‚Ώ‚ε‚¤
153,26,‚ζ‚±‚Ν‚ά
153,28,‚έ‚Β‚΄‚ν‚µ‚ΰ‚Ώ‚ε‚¤
153,30,‚έ‚Β‚΄‚ν‚©‚έ‚Ώ‚ε‚¤
153,32,‚©‚½‚­‚η‚Ώ‚ε‚¤
153,34,‚«‚µ‚Λ‚±‚¤‚¦‚ρ
153,36,‚µ‚ρ‚ζ‚±‚Ν‚ά
153,38,‚«‚½‚µ‚ρ‚ζ‚±‚Ν‚ά
153,40,‚Ι‚Α‚Ο
153,42,‚Θ‚©‚ά‚Ώ‚Ύ‚Ά
153,44,‚Ή‚ρ‚½[‚έ‚Θ‚έ
153,46,‚Ή‚ρ‚½[‚«‚½
153,48,‚Θ‚©‚‚ν
153,50,‚ ‚΄‚έ‚Μ
154,12,‚Π‚ζ‚µ
154,14,‚Π‚ζ‚µ‚Ω‚ρ‚Ώ‚ε‚¤
154,16,‚½‚©‚½
154,18,‚Π‚‚µ‚β‚ά‚½
154,20,‚«‚½‚β‚ά‚½
154,22,‚Ή‚ρ‚½[‚«‚½
154,24,‚Ή‚ρ‚½[‚έ‚Θ‚έ
154,26,‚Β‚Γ‚«‚Σ‚κ‚ ‚Ά‚Μ‚¨‚©
154,28,‚©‚ν‚ν‚Ώ‚ε‚¤
154,30,‚Θ‚©‚β‚ά
212,1,‚ζ‚±‚Ν‚ά
212,3,‚µ‚ρ‚½‚©‚µ‚ά
212,5,‚έ‚Θ‚Ζ‚έ‚η‚Ά
212,7,‚Ξ‚µ‚α‚έ‚Ώ
212,9,‚Ι‚Ω‚ρ‚¨‚¨‚Η‚¨‚θ
212,11,‚ΰ‚Ζ‚ά‚Ώ‚Ώ‚γ‚¤‚©‚‚Ά
199,3,
199,4,
199,5,
199,6,
199,7,
199,8,
199,9,
199,10,
199,11,
199,12,
211,6,
211,8,
211,9,
211,10,
211,11,
211,12,
211,13,
211,15,
211,17,
211,18,
211,53,
211,55,
211,58,‚±‚Η‚ΰ‚Μ‚­‚Ι
222,1,‚µ‚ρ‚δ‚θ‚‚¨‚©
222,2,
222,3,
222,4,
222,5,
222,6,
222,8,
222,10,
186,19
186,20
186,22
186,29
186,31
186,36
186,38
186,39
186,42
186,43
186,45
186,46
186,48
186,49
186,51
186,53
186,55
186,58
186,60
186,62
186,66
186,69
186,71
189,1
189,29
189,31
189,32
189,35
189,37
189,39
189,41
189,46
190,1
190,3
190,4
190,9
190,27
191,1
191,3
191,4
191,6
191,7
191,9
191,10
192,1
192,3
192,4
192,10
192,11
192,13
192,14
192,15
192,17
192,19
192,21
193,1
193,6
194,1
194,2
194,4
194,5
194,6
194,7
227,44
227,45,
227,46,
227,47,
227,48,
227,49,
227,50,
227,51,
227,52,
227,53,
227,54,
227,55,‚µ‚ρ‚Ξ‚µ
227,56,‚Ζ‚η‚Μ‚ΰ‚ρ
227,57,‚½‚ί‚Ά‚―‚³‚ρ‚Μ‚¤
227,58,‚ ‚©‚³‚©‚έ‚Β‚―
227,59,‚ ‚¨‚β‚ά‚Ά‚Α‚Ώ‚ε‚¤‚ί
227,60,‚‚Ά‚¦‚ρ‚ά‚¦
227,61,‚¨‚ΰ‚Δ‚³‚ρ‚Η‚¤
227,62,‚µ‚Τ‚β
227,71,‚«‚½‚ ‚β‚Ή
227,72,‚ ‚β‚Ή
227,74,‚«‚½‚Ή‚ρ‚¶‚γ
227,76,‚ά‚Ώ‚β
227,77,‚Ι‚µ‚Ι‚Α‚Ϋ‚θ
227,78,‚Ή‚ρ‚Ύ‚¬
227,79,‚Λ‚Γ
227,80,‚δ‚µ‚ά
227,81,‚µ‚ρ‚¨‚Ώ‚α‚Μ‚έ‚Έ
227,83,‚¨‚¨‚Δ‚ά‚Ώ
227,84,‚Ι‚¶‚γ‚¤‚Ξ‚µ‚ά‚¦
227,85,‚Π‚Ρ‚β
227,86,‚©‚·‚έ‚‚Ή‚«
227,87,‚±‚Α‚©‚Ά‚¬‚¶‚Η‚¤‚ά‚¦
227,88,‚ ‚©‚³‚©
227,89,‚Μ‚¬‚΄‚©
227,91,‚¨‚ΰ‚Δ‚³‚ρ‚Η‚¤
227,92,‚ί‚Ά‚¶‚¶‚ρ‚®‚¤‚ά‚¦
227,93,‚ζ‚ζ‚¬‚±‚¤‚¦‚ρ
227,94,‚ζ‚ζ‚¬‚¤‚¦‚Ν‚η
227,101,‚ν‚±‚¤‚µ
227,102,‚Ώ‚©‚Δ‚Β‚Θ‚θ‚ά‚·
227,104,‚Ώ‚©‚Δ‚Β‚ ‚©‚Β‚©
227,106,‚Φ‚Ά‚ν‚Ύ‚Ά
227,107,‚Π‚©‚ν‚Ύ‚Ά
227,109,‚±‚½‚―‚ή‚©‚Ά‚Ν‚η
227,110,‚Ή‚ρ‚©‚ν
227,111,‚©‚Θ‚ί‚Ώ‚ε‚¤
227,112,‚Ά‚―‚Τ‚­‚λ
227,113,‚Π‚‚µ‚Ά‚―‚Τ‚­‚λ
227,114,‚²‚±‚­‚¶
227,115,‚¦‚Η‚‚ν‚Ξ‚µ
227,117,‚Ά‚Ά‚Ύ‚Ξ‚µ
227,118,‚Ά‚Ώ‚‚β
227,119,‚±‚¤‚¶‚ά‚Ώ
227,120,‚Θ‚‚½‚Ώ‚ε‚¤
227,121,‚³‚­‚η‚Ύ‚ΰ‚ρ
227,122,‚δ‚¤‚η‚­‚Ώ‚ε‚¤
227,123,‚¬‚ρ‚΄‚Ά‚Α‚Ώ‚ε‚¤‚ί
227,124,‚µ‚ρ‚Ζ‚έ‚Ώ‚ε‚¤
227,125,‚Β‚«‚µ‚ά
227,126,‚Ζ‚ζ‚·
227,127,‚½‚Β‚έ
227,128,‚µ‚ρ‚«‚Ξ
229,33,‚Ά‚―‚Τ‚­‚λ
229,35,‚µ‚ρ‚¨‚¨‚Β‚©
229,36,‚έ‚ε‚¤‚‚Ύ‚Ι
229,38,‚±‚¤‚η‚­‚¦‚ρ
229,39,‚Ω‚ρ‚²‚¤‚³‚ρ‚Ώ‚ε‚¤‚ί
229,40,‚¨‚Ώ‚α‚Μ‚έ‚Έ
229,41,‚ ‚ν‚¶‚Ώ‚ε‚¤
229,42,‚¨‚¨‚Δ‚ά‚Ώ
229,43,‚Ζ‚¤‚«‚ε‚¤
229,44,‚¬‚ρ‚΄
229,45,‚©‚·‚έ‚‚Ή‚«
229,46,‚±‚Α‚©‚Ά‚¬‚¶‚Η‚¤‚ά‚¦
229,47,‚ ‚©‚³‚©‚έ‚Β‚―
229,48,‚ζ‚Β‚β
229,49,‚ζ‚Β‚β‚³‚ρ‚Ώ‚ε‚¤‚ί
229,50,‚µ‚ρ‚¶‚γ‚­‚¬‚ε‚¦‚ρ‚ά‚¦
229,51,‚µ‚ρ‚¶‚γ‚­‚³‚ρ‚Ώ‚ε‚¤‚ί
229,52,‚µ‚ρ‚¶‚γ‚­
229,53,‚Ι‚µ‚µ‚ρ‚¶‚γ‚­
229,54,‚Θ‚©‚Μ‚³‚©‚¤‚¦
229,55,‚µ‚ρ‚Θ‚©‚Μ
229,56,‚Π‚‚µ‚±‚¤‚¦‚ρ‚¶
229,57,‚µ‚ρ‚±‚¤‚¦‚ρ‚¶
229,58,‚έ‚Θ‚έ‚ ‚³‚‚β
229,60,‚¨‚¬‚­‚Ϊ
229,65,‚Θ‚©‚Μ‚³‚©‚¤‚¦
229,66,‚Θ‚©‚Μ‚µ‚ρ‚Ξ‚µ
229,67,‚Θ‚©‚Μ‚Σ‚¶‚έ‚Ώ‚ε‚¤
229,68,‚Ω‚¤‚Θ‚ρ‚Ώ‚ε‚¤
228,37,‚«‚½‚Ή‚ρ‚¶‚γ
228,39,‚έ‚Θ‚έ‚Ή‚ρ‚¶‚γ
228,40,‚έ‚Μ‚ν
228,41,‚Ά‚θ‚β
228,42,‚¤‚¦‚Μ
228,43,‚Θ‚©‚¨‚©‚Ώ‚ά‚Ώ
228,44,‚ ‚«‚Ν‚Ξ‚η
228,45,‚±‚Ε‚ρ‚ά‚Ώ‚ε‚¤
228,46,‚Ι‚ρ‚¬‚ε‚¤‚Ώ‚ε‚¤
228,47,‚©‚β‚Ξ‚Ώ‚ε‚¤
228,48,‚Ν‚Α‚Ώ‚ε‚¤‚Ϊ‚θ
228,49,‚Β‚«‚¶
228,50,‚Π‚‚µ‚¬‚ρ‚΄
228,51,‚¬‚ρ‚΄
228,52,‚Π‚Ρ‚β
228,53,‚©‚·‚έ‚‚Ή‚«
228,55,‚©‚έ‚β‚Ώ‚ε‚¤
228,57,‚λ‚Α‚Ϋ‚ρ‚¬
228,59,‚Π‚λ‚¨
228,61,‚¦‚Ρ‚·
228,62,‚Θ‚©‚ί‚®‚λ
228,65,‚Θ‚©‚Μ
228,67,‚¨‚Ώ‚ ‚Ά
228,69,‚½‚©‚Ύ‚Μ‚Ξ‚Ξ
228,71,‚ν‚Ή‚Ύ
228,72,‚©‚®‚η‚΄‚©
228,73,‚Ά‚Ά‚Ύ‚Ξ‚µ
228,74,‚­‚Ύ‚ρ‚µ‚½
228,75,‚½‚―‚Ξ‚µ
228,76,‚¨‚¨‚Δ‚ά‚Ώ
228,77,‚Ι‚Ω‚ρ‚Ξ‚µ
228,78,‚©‚β‚Ξ‚Ώ‚ε‚¤
228,80,‚ΰ‚ρ‚Ί‚ρ‚Θ‚©‚Ώ‚ε‚¤
228,81,‚«‚Ξ
228,82,‚Ζ‚¤‚ζ‚¤‚Ώ‚ε‚¤
228,83,‚έ‚Θ‚έ‚·‚Θ‚ά‚Ώ
228,84,‚Ι‚µ‚©‚³‚Ά
228,85,‚©‚³‚Ά
228,87,‚¤‚η‚β‚·
228,88,‚έ‚Θ‚έ‚¬‚ε‚¤‚Ζ‚­
228,89,‚¬‚ε‚¤‚Ζ‚­
228,90,‚έ‚ε‚¤‚Ε‚ρ
228,92,‚Ξ‚η‚«‚Θ‚©‚β‚ά
228,94,‚Ι‚µ‚Σ‚Θ‚Ξ‚µ
230,33,‚µ‚Τ‚β
230,34,‚¨‚ΰ‚Δ‚³‚ρ‚Η‚¤
230,36,‚ ‚¨‚β‚ά‚Ά‚Α‚Ώ‚ε‚¤‚ί
230,38,‚Θ‚‚½‚Ώ‚ε‚¤
230,39,‚Ν‚ρ‚Ό‚¤‚ΰ‚ρ
230,40,‚­‚Ύ‚ρ‚µ‚½
230,41,‚¶‚ρ‚Ϊ‚¤‚Ώ‚ε‚¤
230,43,‚¨‚¨‚Δ‚ά‚Ώ
230,44,‚έ‚Β‚±‚µ‚ά‚¦
230,45,‚·‚Ά‚Δ‚ρ‚®‚¤‚ά‚¦
230,47,‚«‚ζ‚·‚έ‚µ‚η‚©‚ν
230,49,‚·‚έ‚ζ‚µ
230,51,‚«‚ρ‚µ‚Ώ‚ε‚¤
230,53,‚¨‚µ‚ ‚°
231,1,‚±‚½‚―‚ή‚©‚Ά‚Ν‚η
231,4,‚Ά‚―‚Τ‚­‚λ
231,6,‚Ό‚¤‚µ‚‚β
231,8,‚Ι‚µ‚ν‚Ή‚Ύ
231,10,‚Π‚‚µ‚µ‚ρ‚¶‚γ‚­
231,12,‚µ‚ρ‚¶‚γ‚­‚³‚ρ‚Ώ‚ε‚¤‚ί
231,14,‚«‚½‚³‚ρ‚Η‚¤
231,16,‚ί‚Ά‚¶‚¶‚ρ‚®‚¤‚ά‚¦
231,18,‚µ‚Τ‚β
231,36,‚ί‚®‚λ
231,37,‚µ‚λ‚©‚Λ‚Ύ‚Ά
231,38,‚µ‚λ‚©‚Λ‚½‚©‚Θ‚ν
231,40,‚ ‚΄‚Τ‚¶‚γ‚¤‚Ξ‚ρ
231,41,‚λ‚Α‚Ϋ‚ρ‚¬‚Ά‚Α‚Ώ‚ε‚¤‚ί
231,42,‚½‚ί‚Ά‚―‚³‚ρ‚Μ‚¤
231,44,‚Θ‚‚½‚Ώ‚ε‚¤
231,46,‚ζ‚Β‚β
231,48,‚Ά‚Ώ‚‚β
231,50,‚Ά‚Ά‚Ύ‚Ξ‚µ
231,51,‚±‚¤‚η‚­‚¦‚ρ
231,52,‚Ζ‚¤‚Ύ‚Ά‚ά‚¦
231,53,‚Ω‚ρ‚±‚ά‚²‚ί
231,54,‚±‚ά‚²‚ί
231,55,‚Ι‚µ‚‚Ν‚η
231,56,‚¨‚¤‚¶
231,57,‚¨‚¤‚¶‚©‚έ‚β
231,59,‚µ‚ΰ
231,60,‚ ‚©‚Ξ‚Λ‚Ά‚ν‚Τ‚Ώ
237,1,
237,2,
237,4,
237,6,
237,8,
237,10,
237,12,
237,14,
71,1,
71,3,
71,5,
71,7,
71,9,
71,11,
72,1,
72,3
72,5
72,7
72,8
72,9
73,1
73,3
73,5
73,7
73,8
73,9
2,46
2,48
2,50
2,52
2,53
2,54
2,55
2,57
2,58
2,59
2,60
2,62
2,63
2,102
2,103
2,104
2,105
2,107
2,108
2,109
2,110
2,111
2,112
2,113
2,114
2,115
2,117
2,118
2,119
2,120
2,121
2,122
2,123
2,124
2,126
2,127
2,128
3,57
3,59
3,60
3,61
3,62
3,64
3,65
3,66
3,67
3,69
3,70
3,71
3,72
3,73
3,75
3,76
3,77
3,78
3,79
3,80
3,81
3,82
3,83
3,84
3,85
3,88
3,92
4,23
4,25
4,26
4,103
4,104
4,105
4,106
4,108
4,109
4,110
4,111
4,113
4,114
4,115
4,116
4,118
4,119
4,120
4,121
4,122
4,123
4,124
4,125
5,42
5,44
5,45
5,47
5,49
5,51
5,52
5,53
5,54
5,56
5,57
5,58
5,59
5,61
5,105
5,106
5,107
5,108
19,2
19,3
19,4
19,6
19,7
19,8
19,9
19,11
19,12
19,13
19,14
19,16
19,17
19,18
21,2
21,3
21,4
21,5
21,6
21,7
29,42
29,43
29,46
29,48
29,49
29,51
29,53
29,55
29,56
29,58
29,60
29,61
29,62
29,63
29,65
29,66
29,67
29,68
29,70
29,71
35,130
35,131
35,132
35,133
35,134
35,135
35,136
35,137
35,138
35,139
35,140
35,141
35,142
35,144
35,145
35,146
35,147
35,149
35,150
35,151
35,152
35,154
35,155
35,156
35,157
35,158
35,159
35,160
35,161
39,194
44,2
44,3
44,4
44,5
44,6
44,7
44,8
44,9
44,11
44,12
44,13
44,14
44,16
44,17
44,18
44,19
44,21
45,3
45,5
45,6
45,8
45,11
45,13
45,16
45,18
45,21
45,24
45,27
45,28
45,32
45,33
45,34
45,36
45,39
45,40
45,41
45,42
45,43
45,44
45,45
45,46
45,47
45,48
45,49
45,50
45,51
45,52
46,130
46,131
46,132
46,133
46,134
46,135
46,136
46,137
46,138
46,140
46,141
46,143
46,144
46,145
46,146
46,148
46,150
46,151
47,2
47,3
47,4
47,6
47,7
47,8
54,22
54,24
59,2
59,3
59,4
62,130
62,131
62,193
85,2
85,3
85,4
85,6
85,7
85,8
85,9
85,11
85,12
85,13
85,14
85,16
85,17
85,18
85,19
85,20
85,21
85,22
85,23
85,24
85,25
85,26
85,27
85,28
85,29
85,30
85,31
85,32
85,33
85,34
86,1
86,2
86,4
86,5
86,6
86,7
87,2
87,3
87,4
87,6
87,7
87,8
87,9
87,11
157,1
157,2
157,2
157,20
157,21
157,22
157,23
157,25
157,26
157,27
157,28
157,30
157,31
157,32
157,34
157,36
157,38
157,41
157,43
157,45
157,48
157,50
157,53
157,54
157,56
157,58
157,60
157,62
157,63
157,64
157,65
157,67
157,69
157,71
157,73
157,75
157,77
157,79
157,81
157,82
158,2
158,3
158,4
158,5
159,2
160,1
160,3
160,4
160,6
160,8
160,9
160,10
160,13
160,16
160,18
160,20
160,22
160,24
160,25
160,26
160,27
161,1
161,3
161,5
161,7
161,9
161,11
161,13
161,14
161,16
161,18
162,1
162,3
162,4
162,5
162,7
162,10
162,12
162,13
162,15
162,18
162,20
162,23
162,25
162,27
162,29
162,32
162,35
162,37
162,39
162,41
162,44
162,46
162,48
162,51
162,52
162,55
163,1
163,2
163,3
163,5
163,7
163,8
163,10
163,12
163,13
163,14
163,16
164,1
164,2
164,4
164,6
164,8
164,10
164,11
164,12
165,1
165,2
165,3
165,4
165,5
165,7
165,9
165,10
165,11
165,12
165,14
165,16
165,18
165,20
165,21
165,22
165,23
165,25
165,27
165,28
165,29
165,30
165,31
165,33
165,35
165,36
165,37
165,39
165,40
165,41
165,42
165,44
165,46
165,47
165,48
168,3
169,16
169,17
169,18
169,19
169,20
169,22
169,24
169,25
169,27
169,29
169,30
169,31
169,32
169,34
169,36
169,38
169,40
169,41
169,44
169,46
169,48
169,50
169,51
169,52
170,1
170,3
170,4
170,5
170,6
170,7
170,8
170,9
181,1
181,4
181,6
181,9
181,11
181,14
143,3
143,5
143,9
143,13
143,17
143,21
143,25
143,27
184,1
184,3
184,6
184,8
184,9
184,11,
184,14,
184,16,
184,17,
130,1,‚µ‚ρ‚«‚Ξ
130,3,‚µ‚Μ‚Μ‚ί
130,4,‚±‚­‚³‚Ά‚Δ‚ρ‚¶‚¶‚ε‚¤
130,5,‚Ζ‚¤‚«‚ε‚¤‚Δ‚κ‚Ϋ[‚Ζ
130,6,‚Δ‚ρ‚Μ‚¤‚Έ‚ ‚Ά‚ι
130,7,‚µ‚Θ‚‚ν‚µ[‚³‚Ά‚Η
130,8,‚¨‚¨‚Ά‚ά‚Ώ
130,10,‚¨‚¨‚³‚«
182,1,
182,2,
182,3,
182,4,
182,5
182,6
182,8
182,9
182,10
182,11
182,12
182,13
182,14
182,15
182,16
182,17
182,18
182,19
182,20
182,21
182,22,
182,23,
182,24,
182,25,
136,1,
136,2,
136,3,
136,5,
136,6,‚δ‚ί‚έ‚Μ
136,7,
136,8,
136,9,
136,11,
136,12,
136,13,
136,15,
136,16
136,17
136,19
136,21
136,23
136,24
136,25
136,27
136,29
136,31
136,33
136,35
136,37
138,1
138,3
138,5
196,5,‚ ‚«‚Ν‚Ξ‚η
196,7,‚µ‚ρ‚¨‚©‚Ώ‚ά‚Ώ
196,9,‚ ‚³‚­‚³
196,11,‚έ‚Θ‚έ‚Ή‚ρ‚¶‚γ
196,13,‚«‚½‚Ή‚ρ‚¶‚γ
196,16,‚ ‚¨‚Ά
196,18,‚λ‚­‚Ώ‚ε‚¤
196,21,‚β‚µ‚¨
196,24,‚έ‚³‚Ζ‚Ώ‚γ‚¤‚¨‚¤
196,26,‚έ‚Θ‚έ‚Θ‚‚κ‚β‚ά
196,28,‚Θ‚‚κ‚β‚ά‚Ή‚ρ‚Ζ‚η‚ι‚Ο[‚­
196,30,‚Θ‚‚κ‚β‚ά‚¨‚¨‚½‚©‚Μ‚ΰ‚θ
196,33,‚©‚µ‚ν‚Μ‚Ν‚«‚α‚ρ‚Ο‚·
196,35,‚©‚µ‚ν‚½‚Θ‚©
196,39,‚ΰ‚θ‚β
196,42,‚έ‚η‚Ά‚Ύ‚Ά‚η
196,45,‚έ‚Η‚θ‚Μ
196,48,‚Ξ‚ρ‚Ο‚­‚«‚Λ‚ρ‚±‚¤‚¦‚ρ
196,51,‚―‚ρ‚«‚γ‚¤‚‚­‚¦‚ρ
196,54,‚Β‚­‚Ξ
130,65,‚µ‚ρ‚Ξ‚µ
130,66,‚µ‚¨‚Η‚ί
130,68,‚½‚―‚µ‚Ξ
130,69,‚Π‚Μ‚Ε
130,70,‚µ‚Ξ‚¤‚η‚Σ‚Ζ‚¤
130,72,‚¨‚Ύ‚Ά‚Ξ‚©‚Ά‚Π‚ρ‚±‚¤‚¦‚ρ
130,73,‚Ύ‚Ά‚Ξ
130,74,‚Σ‚Λ‚Μ‚©‚‚­‚©‚ρ
130,75,‚Δ‚κ‚±‚ή‚Ή‚ρ‚½[
130,76,‚ ‚¨‚έ
130,78,‚±‚­‚³‚Ά‚Δ‚ρ‚¶‚¶‚ε‚¤‚Ή‚Ά‚ΰ‚ρ
130,79,‚ ‚θ‚ ‚―
130,80,‚ ‚θ‚ ‚―‚Δ‚Ι‚·‚Μ‚ΰ‚θ
130,82,‚µ‚¶‚ε‚¤‚ά‚¦
130,84,‚µ‚ρ‚Ζ‚ζ‚·
130,86,‚Ζ‚ζ‚·
246,31,
246,33,
246,35,
246,37,
246,39,
246,41,
246,43,
246,45,
246,47,
246,49,
246,51,
246,53,
246,55
246,57
246,59
246,61
246,63
246,65
246,67
247,1
247,3
247,5
247,7
247,8
247,9
247,10
247,11
247,12
247,13,
247,15,
247,16,
247,17,
247,18,
247,20,
247,22,
247,25,
247,26,
238,1,
238,2,
238,4,
238,6,
148,1,‚µ‚ρ‚·‚¬‚½
148,3,‚Θ‚ρ‚Τ‚µ‚¶‚ε‚¤
148,5,‚Ζ‚θ‚Ν‚ά
148,7,‚Θ‚έ‚«‚«‚½
148,9,‚Θ‚έ‚«‚Ώ‚γ‚¤‚¨‚¤
148,11,‚³‚Ώ‚¤‚η
148,13,‚³‚ρ‚¬‚ε‚¤‚µ‚ρ‚±‚¤‚Ή‚ρ‚½[
148,15,‚Σ‚­‚¤‚η
148,17,‚µ‚Ύ‚Ά‚Ά‚‚­‚Τ
148,19,‚Ν‚Α‚―‚Ά‚¶‚ά
148,21,‚¤‚έ‚Μ‚±‚¤‚¦‚ρ‚µ‚Ξ‚®‚Ώ
148,23,‚¤‚έ‚Μ‚±‚¤‚¦‚ρ‚έ‚Θ‚έ‚®‚Ώ
148,25,‚Μ‚¶‚ά‚±‚¤‚¦‚ρ
148,27,‚©‚Θ‚΄‚ν‚Ν‚Α‚―‚Ά
249,1,
249,3,
249,5,
249,7,
249,9,
249,11
249,13
249,15
249,17
249,19
249,21
249,23
249,25
249,75
249,73
249,71
249,67
249,65
249,69
254,2
254,4
254,6,
254,8,
254,10,
254,12,
254,14,
254,16,
254,18,
254,20,
254,22,
254,24,
255,2,‚Ά‚Ζ‚¤
255,4,‚έ‚Θ‚έ‚Ά‚Ζ‚¤
255,6,‚©‚ν‚Θ
255,8,‚Σ‚Ζ
255,9,‚¶‚ε‚¤‚‚³‚«‚©‚Ά‚‚ρ
255,10,‚Ά‚Έ‚±‚¤‚°‚ρ
255,12,‚Ά‚Έ‚¨‚¨‚©‚ν
255,14,‚Ά‚Έ‚Ω‚Α‚©‚ν
255,16,‚Ά‚Έ‚ ‚½‚‚ν
255,18,‚©‚½‚Ή‚µ‚η‚½
255,20,‚Ά‚Έ‚Ά‚Θ‚Ζ‚θ
255,22,‚Ά‚ά‚Ά‚Ν‚ά‚©‚Ά‚‚ρ
255,24,‚©‚ν‚Γ
255,26,‚Ά‚Θ‚Έ‚³
255,28,‚κ‚ρ‚Ύ‚Ά‚¶
255,30,‚Ά‚Έ‚«‚γ‚¤‚µ‚ΰ‚Ύ
250,13,
135,1,
135,3,
135,5,
135,7,
135,9,
135,11
135,13
135,15
135,17
135,19
135,21
135,23
135,25
139,1
139,3
139,5
139,7
71,13
71,15
71,17
71,19
71,21,
71,23,
71,24,
71,25,
71,26,
71,27,
71,28,
71,29,
71,31,
71,33,
71,35,
71,37,
71,37,‚µ‚Ώ‚Μ‚Φ‚Ζ‚ν‚Ύ
71,39,
72,11,
72,13,
72,15
72,17
72,19
72,21
73,11
73,13
73,15
73,17
73,19
73,21
73,23
73,25
73,27
73,29
73,31
73,33
63,195
63,205
63,207
4,35
4,46
2,69
2,74
2,75
2,77
2,78
2,79
2,80
2,82
2,83
2,84
2,85
2,87
2,88
2,89
2,91
2,92
2,94
2,95
2,96
2,97
2,99
2,100
2,130
2,132
2,133
2,134
2,136
2,137,
2,138,
2,139,
2,141,
2,143,
2,144,
2,145,
2,149,
2,153,
2,165,
2,173,
2,180,
2,191,
2,202,
2,202,‚µ‚Ώ‚Μ‚Φ‚Ζ‚ν‚Ύ
2,216,
4,27
4,28
4,29
4,30
4,32
4,33
4,34
4,56
4,75
4,76
4,78
4,79
4,80
4,81
4,83
4,84
4,85
4,86
4,88
4,89
4,90
4,91
4,93
4,94
4,95
4,96
4,98
4,99
4,100
4,101
5,62
5,63
5,64
5,66
5,67
5,68
5,69
5,71
5,72
5,95
5,97
5,99
5,100
5,101
5,102
5,104
18,2
18,3
18,5
18,7
18,8
18,10
18,12
18,14
18,16
18,17
18,19
18,21
18,22
18,24
18,25
18,26
18,28
18,29
18,30
18,31
18,32
18,33
18,34
18,35
18,36
18,38
18,39
18,40
18,41
18,43
18,44
18,45
18,46
18,48
18,50
18,74
18,84
18,130
21,8
21,9
21,11
21,12
21,13
21,16
21,17
21,24
21,32
21,39
21,41
22,47
22,49,
22,50,
22,51,
22,52,
22,54,
22,55,
22,56,
23,3,
24,27,‚Ι‚µ‚Σ
32,141,
32,142,
32,144,
32,145,
39,4,‚Ι‚µ‚¨‚¨‚έ‚β
39,131,
47,130,
47,131
47,133
47,134
47,135
47,136
47,137
47,138
47,139
47,140
47,141
47,143
47,144
47,145
47,147
47,149
47,151
47,152
47,154
47,155
47,156
47,157
47,159
47,160
47,161
49,132
49,136
49,141
50,2
50,3
50,4
50,6
50,7
50,8
50,9
50,11
50,12
50,13
50,14
50,16
50,17
50,18
50,19
50,21
50,22
50,23
50,24
51,2
51,3
51,4
51,6
51,7
54,25
54,26
54,27
54,28
54,30
54,31
54,32
54,33
54,34
55,19
55,21
55,22
55,23
55,24
55,26
55,27
55,28
55,29
55,31
55,32
55,33
55,34
55,36
55,37
55,38
55,39
57,9
57,10
57,12
57,13
57,14
57,15
57,16
57,17
81,1
82,2
82,3
82,4
82,5
83,2
83,3
83,4
83,6
83,29
84,38
84,40
127,1
127,2
127,3
127,4
127,5
127,6
127,7
127,8
127,9
127,10
127,11
127,12
127,13
127,14
127,15
127,16
127,17
127,18
127,19
127,20
127,21
127,22
127,23
127,24
127,25
127,26
127,27
127,28
127,29
127,30
127,31
127,32
127,33
127,34
127,35
127,36
127,37
127,38
127,39
127,40
127,41
127,42
127,43
127,44
127,45
127,46
127,47
127,48
127,49
127,50
127,51
127,52
127,53
127,54
127,55
127,56
127,57
127,58
127,59
127,60
127,61
127,62
127,63
127,64
127,65
127,66
127,67
127,68
127,69
127,70
127,71
127,72
127,73
127,74
127,75
127,76
127,77
127,78
127,79
127,80
127,81
127,82
127,83
127,84
127,85
127,86
127,87
127,88
127,89
127,90
127,91
127,92
127,93
127,94
127,95
127,96
127,97
127,98
127,99
127,100
127,101
127,102
127,103
127,104
127,105
127,106
127,107
127,108
127,109
127,110
127,111
127,112
127,113
127,114
127,115
127,116
127,117
127,118
127,119
127,120
127,121
127,122
127,123
127,124
127,125
127,126
127,127
127,128
127,129
127,130
127,131
127,132
127,133
127,134
127,135
127,136
127,137
127,138
127,139
127,140
127,140
127,141
127,142
127,144
127,145
127,146
127,147
127,148
127,149
127,150
127,151
127,152
127,153
127,154
127,155
127,156
127,157
127,158
127,159
127,160
127,161
127,162
127,163
127,164
127,165
127,166
127,167
127,168
127,169
127,170
127,171
127,172
127,173
127,174
127,175
127,176
127,177
127,178
127,179
127,181
127,182
127,183
127,184
127,185
127,186
127,187
127,188
127,190
127,191
127,192
127,193
127,194
127,195
127,196
127,197
127,198
127,199
127,200
127,201
127,202
127,203
127,204
127,205
127,206
127,207
127,208
127,209
127,210
127,211
127,212
127,213
127,222
127,223
127,224
127,225
127,226
127,227
127,228
127,229
127,230
127,231
127,232
127,241
127,242
127,243
127,244
127,245
127,246
127,248
127,249
127,250
127,251
127,252
127,253
127,254
128,165
